-- phpMyAdmin SQL Dump
-- version 5.1.1
-- https://www.phpmyadmin.net/
--
-- Host: 127.0.0.1
-- Generation Time: Sep 08, 2023 at 04:42 PM
-- Server version: 10.4.22-MariaDB
-- PHP Version: 8.1.2

SET SQL_MODE = "NO_AUTO_VALUE_ON_ZERO";
START TRANSACTION;
SET time_zone = "+00:00";


/*!40101 SET @OLD_CHARACTER_SET_CLIENT=@@CHARACTER_SET_CLIENT */;
/*!40101 SET @OLD_CHARACTER_SET_RESULTS=@@CHARACTER_SET_RESULTS */;
/*!40101 SET @OLD_COLLATION_CONNECTION=@@COLLATION_CONNECTION */;
/*!40101 SET NAMES utf8mb4 */;

--
-- Database: `laravel_data_upload`
--

-- --------------------------------------------------------

--
-- Table structure for table `dropdown_tbls`
--

CREATE TABLE `dropdown_tbls` (
  `id` bigint(20) UNSIGNED NOT NULL,
  `user_id` varchar(255) COLLATE utf8mb4_unicode_ci DEFAULT NULL,
  `option` varchar(255) COLLATE utf8mb4_unicode_ci DEFAULT NULL,
  `created_at` timestamp NULL DEFAULT NULL,
  `updated_at` timestamp NULL DEFAULT NULL
) ENGINE=InnoDB DEFAULT CHARSET=utf8mb4 COLLATE=utf8mb4_unicode_ci;

--
-- Dumping data for table `dropdown_tbls`
--

INSERT INTO `dropdown_tbls` (`id`, `user_id`, `option`, `created_at`, `updated_at`) VALUES
(1, '1', 'dsadsaf', '2023-09-08 02:51:03', '2023-09-08 02:51:03'),
(2, '1', 'sdfdsgsdf7777', '2023-09-08 02:51:03', '2023-09-08 02:51:03'),
(3, '1', 'sdfgsdghj1111', '2023-09-08 02:51:03', '2023-09-08 02:51:03'),
(4, '1', 'net wet', '2023-09-08 02:51:03', '2023-09-08 02:51:03');

-- --------------------------------------------------------

--
-- Table structure for table `failed_jobs`
--

CREATE TABLE `failed_jobs` (
  `id` bigint(20) UNSIGNED NOT NULL,
  `uuid` varchar(255) COLLATE utf8mb4_unicode_ci NOT NULL,
  `connection` text COLLATE utf8mb4_unicode_ci NOT NULL,
  `queue` text COLLATE utf8mb4_unicode_ci NOT NULL,
  `payload` longtext COLLATE utf8mb4_unicode_ci NOT NULL,
  `exception` longtext COLLATE utf8mb4_unicode_ci NOT NULL,
  `failed_at` timestamp NOT NULL DEFAULT current_timestamp()
) ENGINE=InnoDB DEFAULT CHARSET=utf8mb4 COLLATE=utf8mb4_unicode_ci;

-- --------------------------------------------------------

--
-- Table structure for table `file_datas`
--

CREATE TABLE `file_datas` (
  `id` bigint(20) UNSIGNED NOT NULL,
  `Dest` varchar(255) COLLATE utf8mb4_unicode_ci DEFAULT NULL,
  `SN` varchar(255) COLLATE utf8mb4_unicode_ci DEFAULT NULL,
  `KIOSK_NAME` varchar(255) COLLATE utf8mb4_unicode_ci DEFAULT NULL,
  `OWNER_NAME` varchar(255) COLLATE utf8mb4_unicode_ci DEFAULT NULL,
  `KIOSK_ADDRESS` varchar(255) COLLATE utf8mb4_unicode_ci DEFAULT NULL,
  `MOBILE_NO` varchar(255) COLLATE utf8mb4_unicode_ci DEFAULT NULL,
  `EMAIL_ID` varchar(255) COLLATE utf8mb4_unicode_ci DEFAULT NULL,
  `remember_token` varchar(100) COLLATE utf8mb4_unicode_ci DEFAULT NULL,
  `created_at` timestamp NULL DEFAULT NULL,
  `updated_at` timestamp NULL DEFAULT current_timestamp(),
  `status` int(11) NOT NULL DEFAULT 0 COMMENT '0 = not calling ; 1 = calling',
  `list_option` varchar(225) COLLATE utf8mb4_unicode_ci DEFAULT NULL
) ENGINE=InnoDB DEFAULT CHARSET=utf8mb4 COLLATE=utf8mb4_unicode_ci;

--
-- Dumping data for table `file_datas`
--

INSERT INTO `file_datas` (`id`, `Dest`, `SN`, `KIOSK_NAME`, `OWNER_NAME`, `KIOSK_ADDRESS`, `MOBILE_NO`, `EMAIL_ID`, `remember_token`, `created_at`, `updated_at`, `status`, `list_option`) VALUES
(1, 'JNP', '16931', 'NIYATI MUDRANALAYA', 'DEVENDRA SHARMA', '15 LALAGALI, JAORA Jaora', '9981630825', 'Deve.jaora@gmail.com', NULL, '2023-09-05 11:23:13', '2023-09-06 03:57:42', 1, 'int'),
(2, 'JNP', '16932', 'SNEH COMPUTER', 'VIPIN JAIN', '16 - Somwariya Bazar', '9826835135', 'vipinjaora@yahoo.co.in', NULL, '2023-09-05 11:23:13', '2023-09-06 03:58:39', 1, 'call not att'),
(3, 'JNP', '16933', 'Anjali Computers', 'Vijay Solanki', 'Mhow-Neemuch Road Dhodhar Tehsil Jaora', '7052303683', 'v.dhodhar.s@gmail.com', NULL, '2023-09-05 11:23:13', '2023-09-08 09:01:23', 1, 'sdfdsgsdf7777'),
(4, 'JNP', '16934', 'Patidar Computers', 'Surendra Patidar', 'Village Gondi Dharmsi Tehsil Jaora', '8989895598', 'sk12_patidar@yahoo.co.in', NULL, '2023-09-05 11:23:13', '2023-09-05 23:17:01', 0, 'not int'),
(5, 'JNP', '16935', 'Balaji', 'manish mehra', 'Sukheda Teh-Piploda Dist-Ratlam', '9479423095', 'balaji.jaora@gmail.com', NULL, '2023-09-05 11:23:13', '2023-09-05 23:17:08', 0, 'call not att'),
(6, 'RATLAM', '16936', 'Alot Top Shikhsan Sansthan', 'ShivShankar Sharma', 'Naya Bazar Alot', '9827271444', 'topsrc_alote@rediffmail.com', NULL, '2023-09-05 11:23:13', '2023-09-05 11:23:13', 0, NULL),
(7, 'RATLAM', '16937', 'Shree Manglam Stationary', 'Ravi Chattar', 'Neem Road, Jaora Distt Ratlam', '9424908765', 'mponlinejaora@rediffmail.com', NULL, '2023-09-05 11:23:13', '2023-09-05 11:23:13', 0, NULL),
(8, 'RATLAM', '16938', 'Sanghvi Online', 'Abay Sanghvi', '68, M G Road Sailana Distt Ratlam', '9300656403', 'abhay_jain46@yahoo.com', NULL, '2023-09-05 11:23:13', '2023-09-05 11:23:13', 0, NULL),
(9, 'RATLAM', '16939', 'SHARMA TELECOM', 'PRASHANT GAIKWAD', '6 AB SHRINAGAR COLONY, MANDSOUR ROAD, JAORA DIST.RATLAM', '9893537983', 'WOWPGWOW@YAHOO.COM', NULL, '2023-09-05 11:23:13', '2023-09-05 11:23:13', 0, NULL),
(10, 'JNP', '16940', 'DRC COMPUTER', 'DEEPAKRAJ CHANDALIYA', '37 GANDHI COLONY, JAORA, DISTT. RATLAM Station Road Jaora', '9424908765', 'INFODRCCOMPUTER@GMAIL.COM', NULL, '2023-09-05 11:23:13', '2023-09-05 23:42:19', 0, 'int'),
(11, 'RATLAM', '16941', 'KALPTARU COMPUTERS', 'RAHUL MANDOT', 'Near Ramola Temple,Chandra Sheikhar Azad Marg, Tal', '9893914371', 'rahul_mandot2000@yahoo.com', NULL, '2023-09-05 11:23:13', '2023-09-05 11:23:13', 0, NULL),
(12, 'RATLAM', '16942', 'SHREESAIONLINE', 'VICKY CHHABRA', '13, NAZAR BAG COLONY, BEHIND NAGAR NIGAM', '9755507799', 'shreesaionline@gmail.com', NULL, '2023-09-05 11:23:13', '2023-09-05 11:23:13', 0, NULL),
(13, 'RATLAM', '16943', 'NICT CSC RATLAM', 'NICTCSCKIOSK VLE VIJAY KUMAR MOONAT', 'NICT RATLAM CSC KIOSK', '9098315645', 'moonatvijay@gmail.com', NULL, '2023-09-05 11:23:13', '2023-09-05 11:23:13', 0, NULL),
(14, 'RATLAM', '16944', 'ALOT', 'NICT CSC KIOSK VLE ABHISHEK JOSHI', 'NICT ALOT CSC KIOSK', '9406886969', 'abhishek198486@gmail.com', NULL, '2023-09-05 11:23:13', '2023-09-05 11:23:13', 0, NULL),
(15, 'RATLAM', '16945', 'JAORA', 'NICT CSC KIOSK VLE Neetu Patidar', 'NICT JAORA CSC KIOSK', '9907698183', 'chintan.tukdiya@gmail.com', NULL, '2023-09-05 11:23:13', '2023-09-05 11:23:13', 0, NULL),
(16, 'RATLAM', '16946', 'TAAL', 'NICT CSC KIOSK VLE VINAY PITLIYA', 'NICT TAAL CSC KIOSK', '9755521418', 'vpitliya@gmail.com', NULL, '2023-09-05 11:23:13', '2023-09-05 11:23:13', 0, NULL),
(17, 'RATLAM', '16947', 'ALTECH COMPUTER CARE', 'Jitendra Kasera', 'Surf N Sip Cyber Cafe, Jail Road', '9993975002', 'jitukasera@gmail.com', NULL, '2023-09-05 11:23:13', '2023-09-05 11:23:13', 0, NULL),
(18, 'RATLAM', '16948', 'gyanpushp computers', 'chandan dakh', 'Shop No.38, jawahar marg,New raod', '9303484613', 'chandan.dakh@gmail.com', NULL, '2023-09-05 11:23:13', '2023-09-05 11:23:13', 0, NULL),
(19, 'RATLAM', '16949', 'SHREE RAM PHOTO STAT', 'DINESH CHANDRA RATHOD', '24, OPPOSITE NEW COURT, RATLAM (M.P.)', '9425990280', 'tarun.rathod@gmail.com', NULL, '2023-09-05 11:23:13', '2023-09-05 11:23:13', 0, NULL),
(20, 'RATLAM', '16950', 'NAVKAR COMPUTERS', 'nandecha jain manmal nandecha', 'NAVKARCOMPUTERS PIPLODA DISTRATLAM', '8878352421', 'pk.piploda425@gmail.com', NULL, '2023-09-05 11:23:13', '2023-09-05 11:23:13', 0, NULL),
(21, 'RATLAM', '16951', 'DHODHAR', 'NICT CSC KIOSK VLE KIMTESH PORWAL', 'NICT DHODHAR CSC KIOSK', '7697138172', 'dilipchandrawat2011@gmail.com', NULL, '2023-09-05 11:23:13', '2023-09-05 11:23:13', 0, NULL),
(22, 'RATLAM', '16952', 'HATPIPLIYA', 'NICT CSC KIOSK VLE MANGUPURI GOSWAMI', 'NICT HATPIPLIYA CSC KIOSk', '9669164661', 'mukeshidea50@gmail.com', NULL, '2023-09-05 11:23:13', '2023-09-05 11:23:13', 0, NULL),
(23, 'RATLAM', '16953', 'PIPLODA', 'NICT CSC KIOSK VLE MANHOHARPURI GOSWAMI', 'NICT PIPLODA CSC KIOSK', '8878186277', 'aman.runval@gmail.com', NULL, '2023-09-05 11:23:13', '2023-09-05 11:23:13', 0, NULL),
(24, 'RATLAM', '16954', 'PANCHEWA', 'NICT CSC KIOSK VLE SHYAM SUNDAR SAGITRA', 'NICT PANCHEWA CSC KIOSK', '9630933030', 'shyam_sagitra@yahoo.com', NULL, '2023-09-05 11:23:13', '2023-09-05 11:23:13', 0, NULL),
(25, 'RATLAM', '16955', 'SIMLAWADA', 'NICT CSC KIOSK VLE ASHOK BHALAWAT', 'NICT SIMLAWADA CSC KIOSK', '9424085090', 'ashok_bhalawat@rediffmail.com', NULL, '2023-09-05 11:23:13', '2023-09-05 11:23:13', 0, NULL),
(26, 'RATLAM', '16956', 'Unique Photo Copy', 'Moin Khan', '7, Court Compound, Jaora', '9329267999', 'wazikhan99930@gmail.com', NULL, '2023-09-05 11:23:13', '2023-09-05 11:23:13', 0, NULL),
(27, 'RATLAM', '16957', 'DHAMNOD', 'NICT CSC KIOSK VLE UMA SHANKAR SHARMA', 'NICT DHAMNOD CSC KIOSK', '9575823132', 'usharma32@gmail.com', NULL, '2023-09-05 11:23:13', '2023-09-05 11:23:13', 0, NULL),
(28, 'RATLAM', '16958', 'KALALIYA', 'NICT CSC KIOSK VLE JITENDRAPURI GOSWAMI', 'NICT KALALIYA CSC KIOSK', '9179453463', 'goswamijitendra26@yahoo.in', NULL, '2023-09-05 11:23:13', '2023-09-05 11:23:13', 0, NULL),
(29, 'RATLAM', '16959', 'AISECT', 'SANJAY KUMAR DUBEY', 'SHREE COMPUTER 27 NAI ABADI BLOCK -PIPLODA PIPLODA', '9424085117', 's.sanjadubey@rediffmail.com', NULL, '2023-09-05 11:23:13', '2023-09-05 11:23:13', 0, NULL),
(30, 'RATLAM', '16960', 'soft plus computer education centre', 'mohammed junaid khan', '7,8,6, chishtiya market sailana yard', '9826251393', 'junaidkha@yahoo.com', NULL, '2023-09-05 11:23:13', '2023-09-05 11:23:13', 0, NULL),
(31, 'RATLAM', '16961', 'HALLMARK COMPUTER SERVICES', 'SALIL MADHUKAR HARDEKAR', 'DATTA CHHAYA, STATION ROAD, RATLAM', '9425355174', 's.hardekar@gmail.com', NULL, '2023-09-05 11:23:13', '2023-09-05 11:23:13', 0, NULL),
(32, 'RATLAM', '16962', 'Information Technology Development Centre Ratlam', 'Ashish Vyas', '329 Indira Nagar', '9827435197', 'vyas_ashish1@yahoo.co.uk', NULL, '2023-09-05 11:23:13', '2023-09-05 11:23:13', 0, NULL),
(33, 'RATLAM', '16963', 'BRIGHT COMPUTER', 'MAHESH RATHOD', 'Bright computer 27/2 Do Batti ratlam', '9300079001', 'brightcomputer2005@gmail.com', NULL, '2023-09-05 11:23:13', '2023-09-05 11:23:13', 0, NULL),
(34, 'RATLAM', '16964', 'suvidha services', 'sanjay kothari', 'pushpak market dalumodi bajar', '9893014682', 'herambsingh@rediffmail.com', NULL, '2023-09-05 11:23:13', '2023-09-05 11:23:13', 0, NULL),
(35, 'RATLAM', '16965', 'NITIN PATEL', 'NITIN KUMAR PATEL', 'SHRI GURU KRIPA COMPUTER / 51, RAJVAIDH GALI SAILANA DIST RATLAM (M.P.)', '9826451874', 'dr.nitinpatel3@gmail.com', NULL, '2023-09-05 11:23:13', '2023-09-05 11:23:13', 0, NULL),
(36, 'RATLAM', '16966', 'MANGAL MURTI COMPUTERS', 'PRAVIN SHARMA', 'CS 34 VEER SAVARKAR MARKET, OPP. NEW BAJNA BUS STAND, RATLAM', '8602290472', 'MANGALMURTICOMPUTERS1984@GMAIL.COM', NULL, '2023-09-05 11:23:13', '2023-09-05 11:23:13', 0, NULL),
(37, 'RATLAM', '16967', 'JMD INFOTECH RATLAM', 'RAHUL GOYAL', '17 SUPER MARKET, KATJU NAGAR', '9039646472', 'jmdinfotechrtm@gmail.com', NULL, '2023-09-05 11:23:13', '2023-09-05 11:23:13', 0, NULL),
(38, 'RATLAM', '16968', 'AMAN COMPUTER', 'ARJUN KHAROL', 'IN FRONT OF TAHSIL ALOTE', '8109775220', 'amanalote@gmail.com', NULL, '2023-09-05 11:23:13', '2023-09-05 11:23:13', 0, NULL),
(39, 'RATLAM', '16969', 'CYBER WORLD', 'PRAVEEN MEHAR', 'SHOP NO 02 STADIUM MARKET OPP AADHAAR SHOPING MALL RATLAM', '9406636111', 'cyberworld.praveen@gmail.com', NULL, '2023-09-05 11:23:13', '2023-09-05 11:23:13', 0, NULL),
(40, 'RATLAM', '16970', 'MANGALMURTI', 'miss shradha kushwah', '1 prience market near railway gate custom naka mashjid ke pass Jaora', '9039182269', 'mm2computers@gmail.com', NULL, '2023-09-05 11:23:13', '2023-09-05 11:23:13', 0, NULL),
(41, 'RATLAM', '16971', 'Avi Computers', 'Yogesh Kumar Sharma', '9, Shri Ram Market Shastri Nagar, Ratlam', '9425104548', 'avi04548@yahoo.com', NULL, '2023-09-05 11:23:13', '2023-09-05 11:23:13', 0, NULL),
(42, 'RATLAM', '16972', 'Shanti Computer', 'Rakesh Agrawal', '27, Kotari Market, Do Batti, Ratlam', '9893618411', 'shanticomputerrtm@gmail.com', NULL, '2023-09-05 11:23:13', '2023-09-05 11:23:13', 0, NULL),
(43, 'RATLAM', '16973', 'jain computer', 'pawan jain jain', 'bus stand bajna', '9589638313', 'jainpawanbajna@gmail.com', NULL, '2023-09-05 11:23:13', '2023-09-05 11:23:13', 0, NULL),
(44, 'RATLAM', '16974', 'GLOBAL COMPUTERS', 'DILIP PANCHAL', '3 sajjan mill road, near ram mandir, ratlam', '9907925625', 'globalrtm2016@gmail.com', NULL, '2023-09-05 11:23:13', '2023-09-05 11:23:13', 0, NULL),
(45, 'RATLAM', '16975', 'NAMLI', 'NICT CSC KIOSK VLE DHARMENDRA GURJAR', 'NICT NAMLI CSC KIOSK', '9754524783', 'aniljat80@gmail.com', NULL, '2023-09-05 11:23:13', '2023-09-05 11:23:13', 0, NULL),
(46, 'RATLAM', '16976', 'BADAYLAMATAJI', 'NICT CSC KIOSK VLE MADAN DHAKAD', 'NICT BADAYLAMATAJI CSC KIOSK', '9977280667', 'cscbadayala@gmail.com', NULL, '2023-09-05 11:23:13', '2023-09-05 11:23:13', 0, NULL),
(47, 'RATLAM', '16977', 'KOTHADI', 'NICT CSC KIOSK VLE SURESH PATIDAR', 'NICT KOTHADI (TAAL) CSC KIOSK', '9993056081', 'suresh.patidar1984@gmail.com', NULL, '2023-09-05 11:23:13', '2023-09-05 11:23:13', 0, NULL),
(48, 'RATLAM', '16978', 'SHIVGARH', 'NICT CSC KIOSK VLE SANJAY MISTRI', 'NICT SHIVGARH CSC KIOSK', '9827790426', 'nilay.mistry1974@gmail.com', NULL, '2023-09-05 11:23:13', '2023-09-05 11:23:13', 0, NULL),
(49, 'RATLAM', '16979', 'SURF N SIP', 'SAURABH TRIVEDI', '23 JAIL ROAD', '9329385617', 'sourabh_trivedi@rediffmail.com', NULL, '2023-09-05 11:23:13', '2023-09-05 11:23:13', 0, NULL),
(50, 'RATLAM', '16980', 'Ashirwad Computers', 'Yatendra Mehta', '63/B Jain Colony Palace Road', '7869290020', 'yatendra.mehta@yahoo.com', NULL, '2023-09-05 11:23:13', '2023-09-05 11:23:13', 0, NULL),
(51, 'RATLAM', '16981', 'SHIVAM PHOTO RAOTI', 'Raghavendra Singh Rathore', 'Raoti', '9425990944', 'rathorer34@gmail.com', NULL, '2023-09-05 11:23:13', '2023-09-05 11:23:13', 0, NULL),
(52, 'RATLAM', '16982', 'G T Polytechnic Univestiy Pahadiya Road Jawra', 'G T Polytechnic Univ Jawra', 'Jawra', '9685936472', 'gbb_pri@yahoo.co.in', NULL, '2023-09-05 11:23:13', '2023-09-05 11:23:13', 0, NULL),
(53, 'RATLAM', '16983', 'matrix cyber cafe', 'paresh jain jain', '12,collage road ratlam', '9827656902', 'matrixcyber.ratlam@gmail.com', NULL, '2023-09-05 11:23:13', '2023-09-05 11:23:13', 0, NULL),
(54, 'RATLAM', '16984', 'SUCCESS COMPUTERS', 'Mohammed Ashraf Shaikh', 'Rajeev Gandhi Civic Center New Road Ratlam (M.P.)', '9893478454', 'ashraf.successcomputers@gmail.com', NULL, '2023-09-05 11:23:13', '2023-09-05 11:23:13', 0, NULL),
(55, 'RATLAM', '16985', 'CSC Malwasa', 'NICT CSC KIOSK VLE SUNIL VERMA', 'Village Malwasa', '9827656903', 'cscmalawasa@gmail.com', NULL, '2023-09-05 11:23:13', '2023-09-05 11:23:13', 0, NULL),
(56, 'RATLAM', '16986', 'IDEAL CORNER', 'NITESH JOSHI', '20 SAKHI BAZAR, COMMERCE COLLAGE ROAD, GRAM VRIYA KHEDI, RATLAM', '9907513002', 'ideal1corner@gmail.com', NULL, '2023-09-05 11:23:13', '2023-09-05 11:23:13', 0, NULL),
(57, 'RATLAM', '16987', 'Harthali', 'NICT CSC KIOSK VLE Sunita Sharma', 'Village Harthali', '9424592244', 'arun4eve@rediffmail.com', NULL, '2023-09-05 11:23:13', '2023-09-05 11:23:13', 0, NULL),
(58, 'RATLAM', '16988', 'LUCKY ONLINE', 'Nitin Mundra', 'OPPOSIT BSNL OFFICE RATLAM', '8989821620', 'mmundra13@gmail.com', NULL, '2023-09-05 11:23:13', '2023-09-05 11:23:13', 0, NULL),
(59, 'RATLAM', '16989', 'SARWAN', 'VISHAL TOSHNIWAL', 'VILLAGE SARWAN TEHSIL SAILANA', '9755712033', 'VISHTOSH80@GMAIL.COM', NULL, '2023-09-05 11:23:13', '2023-09-05 11:23:13', 0, NULL),
(60, 'RATLAM', '16990', 'Vidhya Bhawan', 'Amit Singh Solanki', '5 Jail road Ratlam (M.P.)', '9669147648', 'amit10solanki@gmail.com', NULL, '2023-09-05 11:23:13', '2023-09-05 11:23:13', 0, NULL),
(61, 'RATLAM', '16991', 'Agrawal Provision', 'ANIL Goyal', '342-GANDHI NAGAR, NEAR ST. STEPHAN H.S. SCHOOL', '9926877216', 'agoyal260@gmail.com', NULL, '2023-09-05 11:23:13', '2023-09-05 11:23:13', 0, NULL),
(62, 'RATLAM', '16992', 'Shishir roy', 'Shishir Roy', '61,Nazer Bag,Court Priser', '9827436798', 'chandan_roy25@ymail.com', NULL, '2023-09-05 11:23:13', '2023-09-05 11:23:13', 0, NULL),
(63, 'RATLAM', '16993', 'Morvani', 'NICTCSC VLE Yogesh Jagtap', 'Village Morvani', '9752268110', 'yogesh_jagtap32@rediffmail.com', NULL, '2023-09-05 11:23:13', '2023-09-05 11:23:13', 0, NULL),
(64, 'RATLAM', '16994', 'rhythm computer', 'vipin chaudhary', 'near gandhi ji statue chopati', '9827790333', 'vipink53@gmail.com', NULL, '2023-09-05 11:23:13', '2023-09-05 11:23:13', 0, NULL),
(65, 'RATLAM', '16995', 'clever online centre', 'aslam mansuri', 'near hospital namli', '9827843389', 'mansuriaslam@yahoo.com', NULL, '2023-09-05 11:23:13', '2023-09-05 11:23:13', 0, NULL),
(66, 'RATLAM', '16996', 'ASHISH NAGAR', 'ASHISH NAGAR', 'C 225 ALKAPURI', '9424048916', 'ashish_nagar19@yahoo.com', NULL, '2023-09-05 11:23:13', '2023-09-05 11:23:13', 0, NULL),
(67, 'RATLAM', '16997', 'Shreeji Online', 'Umesh Sharma', '19, Base Floor, Palace Road, Ratlam', '9827018446', 'umesh_uec2006@yahoo.com', NULL, '2023-09-05 11:23:13', '2023-09-05 11:23:13', 0, NULL),
(68, 'RATLAM', '16998', 'Pranjal Information Technology', 'Himanshu Joshi', '14, Mitra Niwas Road , Below Birla Sun Life Ratlam', '9981505051', 'him.ratlam@gmail.com', NULL, '2023-09-05 11:23:13', '2023-09-05 11:23:13', 0, NULL),
(69, 'RATLAM', '16999', 'SOFT POINT INSTITUTE SPIPS', 'MOHAMMED JUNAID KHAN', '1 MALWA NAGAR P AND T COLONY RATLAM', '9826251393', 'SPIPSCENTRE@YAHOO.COM', NULL, '2023-09-05 11:23:13', '2023-09-05 11:23:13', 0, NULL),
(70, 'RATLAM', '17000', 'aastha', 'manish kumar modi', 'Gandhi Colony', '9165347700', 'manishmodi1@rediffmail.com', NULL, '2023-09-05 11:23:13', '2023-09-05 11:23:13', 0, NULL),
(71, 'RATLAM', '17001', 'SANGRAM SINGH', 'SANGRAM SINGH RAGHUVANSHI', 'POLICE COLONY', '9893422345', 'mk22345@gmail.com', NULL, '2023-09-05 11:23:13', '2023-09-05 11:23:13', 0, NULL),
(72, 'RATLAM', '17002', 'RATTAGARH KHEDA', 'NICTCSC VLE Manohar Singh Solank', 'Village Rattagarhkheda', '8120098675', 'mssingh74@ymail.com', NULL, '2023-09-05 11:23:13', '2023-09-05 11:23:13', 0, NULL),
(73, 'RATLAM', '17003', 'RINGNOD', 'NICTCSC VLE Radheshyam Dhakad', 'Village Ringnod', '9098378296', 'r.s_dhakad1979@yahoo.in', NULL, '2023-09-05 11:23:13', '2023-09-05 11:23:13', 0, NULL),
(74, 'RATLAM', '17004', 'Surf N Sip Cyber Cafe', 'Deepak Yadav', '2 Nagpal Bhavan, Freeganj Road', '9826335633', 'deep091982@gmail.com', NULL, '2023-09-05 11:23:13', '2023-09-05 11:23:13', 0, NULL),
(75, 'RATLAM', '17005', 'Surabhi Computers', 'Ravi Prakash Sethiya', 'Station Road Alote', '9893910991', 'ravialot@gmail.com', NULL, '2023-09-05 11:23:13', '2023-09-05 11:23:13', 0, NULL),
(76, 'RATLAM', '17006', 'SUVIDHA NEXT', 'HERAMB SINGH SENGAR', '234,sajjanmil road', '9893014682', 'herambsingh@yahoo.com', NULL, '2023-09-05 11:23:13', '2023-09-05 11:23:13', 0, NULL),
(77, 'RATLAM', '17007', 'Kasari Chouhan', 'Subhash Joshi', 'Village Kasari Chouhan', '9893707526', 'joshisubhash50@yahoo.in', NULL, '2023-09-05 11:23:13', '2023-09-05 11:23:13', 0, NULL),
(78, 'RATLAM', '17008', 'TM COMPUTER', 'NAVNEET CHOPRA', '41, PUNAM VIHAR COLONY, PAHADIYA ROAD', '9424883501', 'tmcomp@rediffmail.com', NULL, '2023-09-05 11:23:13', '2023-09-05 11:23:13', 0, NULL),
(79, 'RATLAM', '17009', 'NIPJI ENTERPRISES', 'HEMANT KUMAR BHATT', '82 STATION ROAD NEAR DIGAMBER JAIN MANDIR RATLAM', '9826677202', 'hemantbhatt11@ymail.com', NULL, '2023-09-05 11:23:13', '2023-09-05 11:23:13', 0, NULL),
(80, 'RATLAM', '17010', 'Kushal Online', 'Sachin Chopra', '2 Ranjit vilas palas Mahalwara Ratlam', '9770257187', 'sachinchopra2008@yahoo.com', NULL, '2023-09-05 11:23:13', '2023-09-05 11:23:13', 0, NULL),
(81, 'RATLAM', '17011', 'Mayank Medical and Mobile Store', 'Jeevan Jain', 'Pvt Bus Stand Mhow Neemuch Road Ratlam', '9425103428', 'jivanjain.77@gmail.com', NULL, '2023-09-05 11:23:13', '2023-09-05 11:23:13', 0, NULL),
(82, 'RATLAM', '17012', 'Narendra Photo Copy', 'Mr Narendra Kumar Sankla', 'BUS STATION, TAAL', '9893609143', 'narendra.sankla1976@gmail.com', NULL, '2023-09-05 11:23:13', '2023-09-05 11:23:13', 0, NULL),
(83, 'RATLAM', '17013', 'Saklecha Online Center', 'Ashish Saklecha', '94 Laxmibai Marg', '9827328464', 'saklechaonline@gmail.com', NULL, '2023-09-05 11:23:13', '2023-09-05 11:23:13', 0, NULL),
(84, 'RATLAM', '17014', 'SIDDHI VINAYAK COMPUTER', 'DAMODAR ARORA', '29, LAXMI BAI ROAD JAORA', '7869294351', 'ramlal94351@gmail.com', NULL, '2023-09-05 11:23:13', '2023-09-05 11:23:13', 0, NULL),
(85, 'RATLAM', '17015', 'CSCBHIMAKHEDI', 'SANJAY KIMTI', 'gram bhimakhedi dist.ratlam teh. jaora', '9827295121', 'acijaora@gmail.com', NULL, '2023-09-05 11:23:13', '2023-09-05 11:23:13', 0, NULL),
(86, 'RATLAM', '17016', 'BALAJICYBER', 'MANISH KANOJIYA', '130/A JAWAHAR NAGAR, MASR RAMMANDIR', '9827014255', 'm.kanojiya@gmail.com', NULL, '2023-09-05 11:23:13', '2023-09-05 11:23:13', 0, NULL),
(87, 'RATLAM', '17017', 'Maruti Computer Jaora', 'Dashrath Solanki', 'sahid bhagat singh collage ke pass mahu neemuch road jaora', '7869966607', 'smcmponline@gmail.com', NULL, '2023-09-05 11:23:13', '2023-09-05 11:23:13', 0, NULL),
(88, 'RATLAM', '17018', 'CSCBODINA', 'pratik gehlot', 'GRAM BODINA TEH. RATLAM DIST. RATLAM', '9753455502', 'pratik_lara@rediffmail.com', NULL, '2023-09-05 11:23:13', '2023-09-05 11:23:13', 0, NULL),
(89, 'RATLAM', '17019', 'nagracsc', 'dinesh chandra dohare', 'gram nagra', '8103488633', 'siddharth.bundele@nictcsc.in', NULL, '2023-09-05 11:23:13', '2023-09-05 11:23:13', 0, NULL),
(90, 'RATLAM', '17020', 'Satyam Computers', 'Mukesh Kumar Chouhan', 'Opp. Govt. College, Station Road Alote', '8109257986', 'mukesh1989chouhan@gmail.com', NULL, '2023-09-05 11:23:13', '2023-09-05 11:23:13', 0, NULL),
(91, 'RATLAM', '17021', 'SHREE RAM COMPUTER', 'MUKESH KASERA', '80, RAM NIWAS, DILIP MARG SHIVGARH ROAD', '9424097374', 'shreeramcomputer85@gmail.com', NULL, '2023-09-05 11:23:13', '2023-09-05 11:23:13', 0, NULL),
(92, 'RATLAM', '17022', 'VINAYAK COMPUTERS WORLD', 'NITIN SHARMA', '47 TILAK NAGAR', '9981814477', 'vcw.jaora@gmail.com', NULL, '2023-09-05 11:23:13', '2023-09-05 11:23:13', 0, NULL),
(93, 'RATLAM', '17023', 'NAVNEET INTERPRISES', 'NAVNEET SAXENA', '15, SAGAR COMPLEX DATKI PUL RATLAM', '9907063965', 'navneet_saxena76@yahoo.com', NULL, '2023-09-05 11:23:13', '2023-09-05 11:23:13', 0, NULL),
(94, 'RATLAM', '17024', 'CSCLUNERA', 'UPENDRA SINGH SUMAN', 'gram lunera district ratlam teh ratlam', '9669902263', 'suman_upendra@yahoo.com', NULL, '2023-09-05 11:23:13', '2023-09-05 11:23:13', 0, NULL),
(95, 'RATLAM', '17025', 'PATEL PHOTOCOPY', 'HARIOM RAO', 'GANDHI CHOWK, BAS STAND DHAMNOD NA NA', '9826534331', 'HARIOMRAO44@YAHOO.IN', NULL, '2023-09-05 11:23:13', '2023-09-05 11:23:13', 0, NULL),
(96, 'RATLAM', '17026', 'PROFESSIONA STUDY CENTER', 'HARIOM VAISHNAV', '219,GRAM- MEWASA, TH. RATLAM 457222 NA NA', '9098619876', 'hariomvaishnav@yahoo.com', NULL, '2023-09-05 11:23:13', '2023-09-05 11:23:13', 0, NULL),
(97, 'RATLAM', '17027', 'CSC SAILANA', 'PIYUSH SINGH CHOUHAN', 'NEAR CENTERAL BANK M.G. ROAD SAILANA DIST RATLAM NA NA', '9827644401', 'piyushchouhan2020@gmail.com', NULL, '2023-09-05 11:23:13', '2023-09-05 11:23:13', 0, NULL),
(98, 'RATLAM', '17028', 'CSC KHARWAKALAN', 'SANJAY PANDYA', 'VILL. KHARWA KALAN TEH. ALOTE DIST. RATLAM NA NA', '8964094263', 'bhagwatish82@gmail.com', NULL, '2023-09-05 11:23:13', '2023-09-05 11:23:13', 0, NULL),
(99, 'RATLAM', '17029', 'NICTKALUKHEDACSC', 'SUDEEP KUMAR RAWAL', 'VILLAGE AND POST KALUKHEDA THE PIPLODA DIST RATLAM MADHYA PRADESH PIN 457340 NA NA', '9993092382', 'sudeep_rawal2009@yahoo.com', NULL, '2023-09-05 11:23:13', '2023-09-05 11:23:13', 0, NULL),
(100, 'RATLAM', '17030', 'MOON CYBER CAFE', 'MANOHARLAL KUMAWAT', 'B/1 DEEN DAYAL NAGAR RATLAM NA NA', '9329326227', 'manohar_kumawat@yahoo.co.in', NULL, '2023-09-05 11:23:13', '2023-09-05 11:23:13', 0, NULL),
(101, 'RATLAM', '17031', 'NICT SAGOD CSC', 'GAURAV SINGH GOYAL', 'MAIN ROAD SAGOD NEAR RAILWAY PHATAK VILLAGE SAGOD NA NA', '9074217307', 'Gauravsinghgohil@gmail.com', NULL, '2023-09-05 11:23:13', '2023-09-05 11:23:13', 0, NULL),
(102, 'RATLAM', '17032', 'NICT SEJAWATA CSC', 'BRAHMVIDYA RAM GOPAL', 'NAGRIC SUVIDHA KENDRA GRAM SEJAVATA TEH JAORA DISTT RATLAM PIN-457226 NA NA', '9993800389', 'dhakad.pradeep@gmail.com', NULL, '2023-09-05 11:23:13', '2023-09-05 11:23:13', 0, NULL),
(103, 'RATLAM', '17033', 'CLEVER ONLINE CENTER', 'MOHD ASLAM MANSURI', 'RATLAM BANSWADA ROAD SAILANA NA NA', '9827843389', 'mansuriaslam76@gmail.com', NULL, '2023-09-05 11:23:13', '2023-09-05 11:23:13', 0, NULL),
(104, 'RATLAM', '17034', 'NICT DHARAD CSC', 'VANDANA PANWAR', 'CSC, BUS STAND, DHARAD, DIST.RATLAM NA NA', '9425927164', 'VANDANAPANWAR164@GMAIL.COM', NULL, '2023-09-05 11:23:13', '2023-09-05 11:23:13', 0, NULL),
(105, 'RATLAM', '17035', 'NICT DHONWAS CSC', 'SHAHNAWAZ MANSURI', 'NEAR BUS STAND GRAM DHONSWAS DIST RATLAM MP NA NA', '8878975720', 'mansuri.shahnawaz@gmail.com', NULL, '2023-09-05 11:23:13', '2023-09-05 11:23:13', 0, NULL),
(106, 'RATLAM', '17036', 'NICT SHIVPUR CSC', 'DEEPAK PATIDAR', 'GRAM POST SHIVPUR DISTRICT RATLAM NA NA', '9584525313', 'adhyan.ek.prayas@gmail.com', NULL, '2023-09-05 11:23:13', '2023-09-05 11:23:13', 0, NULL),
(107, 'RATLAM', '17037', 'NICT SARSI CSC', 'MAHESH NANDEDA', 'VILLAGE POST SARSI TEHSIL JAORA DISTRICT RATLAM NA NA', '9893096725', 'Maheshnandeda03@gmail.com', NULL, '2023-09-05 11:23:13', '2023-09-05 11:23:13', 0, NULL),
(108, 'RATLAM', '17038', 'CYBER CITY COMPUTER SALES AND SERVICE', 'MANISH KAITHAWAS', '26 RAJ TOWER NEAR RAILWAY STATION CHOPATY ROAD JAORA NA NA', '7746052443', 'cybercity_jaora@hotmail.com', NULL, '2023-09-05 11:23:13', '2023-09-05 11:23:13', 0, NULL),
(109, 'RATLAM', '17039', 'NICTKUMARICSC', 'RAJESH CHANDALIYA', 'GRAM KUMARI POST LUHARI TEHSIL JAORA DISTRICT RATLAM NA NA', '9907444538', 'Csc.kumhari@gmail.com', NULL, '2023-09-05 11:23:13', '2023-09-05 11:23:13', 0, NULL),
(110, 'RATLAM', '17040', 'NICTKAMEDCSC', 'UMESH PATIDAR', 'VILLAGE KAMED POST DHANASUTA TEHSIL DIST RATLAM NA NA', '9977077567', 'Poonampatidar7@gmail.com', NULL, '2023-09-05 11:23:13', '2023-09-05 11:23:13', 0, NULL),
(111, 'RATLAM', '17041', 'NICTBIRMAWALCSC', 'PARMANAD PATIDAR', 'VILLAGE AND POST SIMLAWADA DIST RATLAM NA NA', '9098519145', 'patidarbhimraj@ymail.com', NULL, '2023-09-05 11:23:13', '2023-09-05 11:23:13', 0, NULL),
(112, 'RATLAM', '17042', 'NICTBANJLICSC', 'JITENDRA NAGORA', 'GRAM BANJLI TEHSIL DISTRICT RATLAM NA NA', '9691839283', 'Jitendranagora78@gmail.com', NULL, '2023-09-05 11:23:13', '2023-09-05 11:23:13', 0, NULL),
(113, 'RATLAM', '17043', 'NICTBADAWADACSC', 'CHARCHIT CHATTAR', 'GRAM BADAWADA TEHSIL JAORA DISTRICT RATLAM NA NA', '9630498076', 'Charchitjain00713@gmail.com', NULL, '2023-09-05 11:23:13', '2023-09-05 11:23:13', 0, NULL),
(114, 'RATLAM', '17044', 'NICTSARWANI KHURD CSC', 'MANOJ CHOUDHARY', 'GRAM BIBDOD TEHSIL DISTRICT RATLAM NA NA', '9907666682', 'manojchoudhary171@gmail.com', NULL, '2023-09-05 11:23:13', '2023-09-05 11:23:13', 0, NULL),
(115, 'RATLAM', '17045', 'NICTAMBACSC', 'MANISH JAIN', 'GRAM AMBA TEHSIL PIPLODA DISTRICT RATLAM NA NA', '9303449849', 'manishjain0001@rediffmail.com', NULL, '2023-09-05 11:23:13', '2023-09-05 11:23:13', 0, NULL),
(116, 'RATLAM', '17046', 'NICT SAILANA KASBA CSC', 'KAMLESH KASERA', 'GRAM SAILANA KASBA TEHSIL SAILANA DISTRICT RATLAM NA NA', '9300887183', 'KAMLESH.KASERA2@GMAIL.COM', NULL, '2023-09-05 11:23:13', '2023-09-05 11:23:13', 0, NULL),
(117, 'RATLAM', '17047', 'NICT BHILOKIKHEDI CSC', 'RITESH CHANDEL', 'SHIV GARH RAOD BHILO KI KHEDI SAILANA TE SAILANA DIST RATLAM MP NA NA', '9669990936', 'rchandel43@gmail.com', NULL, '2023-09-05 11:23:13', '2023-09-05 11:23:13', 0, NULL),
(118, 'RATLAM', '17048', 'NICTMAWTACSC', 'RAHUL KUMAR KUMAWAT', 'GRAM POST MAWTA BLOCK PIPLODA TEHSIL PIPLODA RATLAM NA NA', '9993753732', 'rahulkumawat8435@gmail.com', NULL, '2023-09-05 11:23:13', '2023-09-05 11:23:13', 0, NULL),
(119, 'RATLAM', '17049', 'NICTKARAMADICSC', 'NARENDRA KUMAR KATARIYA', 'GRAM KARMADI TEHSIL RATLAM DISTRICT RATLAM NA NA', '9575575555', 'narendrakataria1983@gmail.com', NULL, '2023-09-05 11:23:13', '2023-09-05 11:23:13', 0, NULL),
(120, 'RATLAM', '17050', 'NICT BARWAD CSC', 'HEMANT KUMAR AKODIYA', 'GRAM BARWAD TEHSIL DISTRICT RATLAM NA NA', '9329696075', 'hemantakodiya75@gmail.com', NULL, '2023-09-05 11:23:13', '2023-09-05 11:23:13', 0, NULL),
(121, 'RATLAM', '17051', 'NICT BANGROD CSC', 'KAMLESH SARA', 'GRAM BANGROD TEHSIL DISTRICT RATLAM NA NA', '9098450700', 'kamleshsara1991@gmail.com', NULL, '2023-09-05 11:23:13', '2023-09-05 11:23:13', 0, NULL),
(122, 'RATLAM', '17052', 'NICT PANCHEWA CSC', 'GAURAV JAIN', 'VILL POST RIYAWAN THE PIPLODA DISTT RATLAM MP NA NA', '9165343081', 'AANJANASUNIL@GMAIL.COM', NULL, '2023-09-05 11:23:13', '2023-09-05 11:23:13', 0, NULL),
(123, 'RATLAM', '17053', 'NICT BAJNA CSC', 'NAVEEN KUMAR GAMAD', 'NAI AABADI BAJNA DISTRICT RATLAM NA NA', '9770001415', 'naveengamad@gmail.com', NULL, '2023-09-05 11:23:13', '2023-09-05 11:23:13', 0, NULL),
(124, 'RATLAM', '17054', 'NICT SHERPUR CSC', 'BHAGWATI LAL SHARMA', 'GRAM POST SHERPUR TEHSIL PIPLODA DISTRICT RATLAM NA NA', '9770098095', 'bhagwatisharma9478@gmail.com', NULL, '2023-09-05 11:23:13', '2023-09-05 11:23:13', 0, NULL),
(125, 'RATLAM', '17055', 'NICT RINGNOD CSC', 'RAJESH MEHTA', 'GRAM RINGNOD TEHSIL JAORA DISTRICT RATLAM NA NA', '9755135829', 'mehtarajesh772@gmail.com', NULL, '2023-09-05 11:23:13', '2023-09-05 11:23:13', 0, NULL),
(126, 'RATLAM', '17056', 'NICT BAGDIYO KI KHEDI CSC', 'SANJAY SHARMA', 'GRAM BAGDIYO KI KHEDI TEHSIL SAILANA DISTRICT RATLAM NA NA', '9425947007', 'sanjay.sharma00783@gmail.com', NULL, '2023-09-05 11:23:13', '2023-09-05 11:23:13', 0, NULL),
(127, 'RATLAM', '17057', 'NICT KOTDA CSC', 'GOPAL KASERA', '246 MG ROAD SAILANA RATLAM NA NA', '9893609670', 'Gopal31177@gmail.com', NULL, '2023-09-05 11:23:13', '2023-09-05 11:23:13', 0, NULL),
(128, 'RATLAM', '17058', 'NAGRIK SUVIDHA KENDRA KARADIYA', 'MANGLESH PATIDAR', 'GRAM KARADIYA TEHSILEA LOTE DIST RATLAM', '7389644284', 'mapatidar95@gmail.com', NULL, '2023-09-05 11:23:13', '2023-09-05 11:23:13', 0, NULL),
(129, 'RATLAM', '17059', 'NAGRIK SUVIDHA KENDRA SEMLIYA', 'ISHWAR LAL PATIDAR', 'VILL SEMLIYA MAJAR THE PIPLODA DIST RATLAM', '9754635480', 'JOJOPATIDAR.E@GMAIL.COM', NULL, '2023-09-05 11:23:13', '2023-09-05 11:23:13', 0, NULL),
(130, 'RATLAM', '17060', 'NAGRIK SUVIDHA KENDRA BARDIYA GOYAL', 'MUKESH CHOUDHARY', 'GRAM POST BARDIYA GOYAL TEHSIL JAORA DISTRICT RATLAM', '7697663127', 'MUKESHIDEA50@GMAIL.COM', NULL, '2023-09-05 11:23:13', '2023-09-05 11:23:13', 0, NULL),
(131, 'RATLAM', '17061', 'NAGARIK SUVIDHA KENDRA BADAYALA MATA', 'YASHVANT KUMAR PATIDAR', '260 BADAYALA MATA JI THE PIPLODA DISTT RATLAM', '9893417563', 'YASHVANTPATIDAR@GMAIL.COM', NULL, '2023-09-05 11:23:13', '2023-09-05 11:23:13', 0, NULL),
(132, 'RATLAM', '17062', 'NAGRIK SUVIDHA KENDRA PIPLIYAJODHA', 'DEVILAL SHARMA', 'GRAM PIPLYA JODHA THE AORA DIST RATLAM', '9424856358', 'devilaldt94@gmial.com', NULL, '2023-09-05 11:23:13', '2023-09-05 11:23:13', 0, NULL),
(133, 'RATLAM', '17063', 'NICT RIYAWAN CSC', 'VISHAL KUMAR JAIN', 'NAGRIK SUVIDHA KENDRA RIYAWAN TEHSIL PIPLODA DISTRICT RATLAM', '9993331515', 'CSCRIYAWAN@GMAIL.COM', NULL, '2023-09-05 11:23:13', '2023-09-05 11:23:13', 0, NULL),
(134, 'RATLAM', '17064', 'NICT CSC PATAN', 'UPENDRA SHARMA', 'GRAM PATAN TEHSIL ALOT DISTRICT RATLAM', '9993158981', 'SHARMA.UPENDRA88@GMAIL.COM', NULL, '2023-09-05 11:23:13', '2023-09-05 11:23:13', 0, NULL),
(135, 'RATLAM', '17065', 'Vijay Yadav', 'Mission Hospital NA NA', 'Kharwakala', '9424058666', 'drvijayyadav@gmail.com', NULL, '2023-09-05 11:23:13', '2023-09-05 11:23:13', 0, NULL),
(136, 'RATLAM', '17066', 'DOLLY MEHRA', 'MEHRA NURSING HOME NA NA', '63,KATJU NAGAR,RATLAM', '9425103213', 'abhimehra@rediffmail.com', NULL, '2023-09-05 11:23:13', '2023-09-05 11:23:13', 0, NULL),
(137, 'RATLAM', '17067', 'DR VINOD LAHIRI', 'BHARTIYA RED CROSS SOCIETY RATLAM NA NA', 'GOVT HOSPITAL PRIMROSES RATLAM', '9826973750', 'arkhanrashid49@gmail.com', NULL, '2023-09-05 11:23:13', '2023-09-05 11:23:13', 0, NULL),
(138, 'RATLAM', '17068', 'GAYATRI COMPUTERS', 'SUNIL GEHLOT', '2, CITY GEART NEW ROAD RATLAM', '9926920811', 'GAYATRICOMPUTERSRTM@GMAIL.COM', NULL, '2023-09-05 11:23:13', '2023-09-05 11:23:13', 0, NULL),
(139, 'RATLAM', '17069', 'DR CHANDRA SHEKHAR VERMA', 'SMT MISHRI DEVI MANAV KOSH CHIKITSALAY RATLAM NA NA', 'RAM MANDIR SAJJAN MILL ROAD RATLAM', '9425354848', 'csverma1959@gmail.com', NULL, '2023-09-05 11:23:13', '2023-09-05 11:23:13', 0, NULL),
(140, 'RATLAM', '17070', 'ADITI RATHORE', 'RATHORE NURSING HOME NA NA', 'PIPLODA ROAD, JAORA', '9425423967', 'rathorenursinghomejaora@gmail.com', NULL, '2023-09-05 11:23:13', '2023-09-05 11:23:13', 0, NULL),
(141, 'RATLAM', '17071', 'VIJAY BAHADUR SINGH', 'Vision diagnostic Centre NA NA', '167 GALI NO 5 KASTURBA NAGAR RATLAM', '9039117470', 'vijaybahadur81@gmail.com', NULL, '2023-09-05 11:23:13', '2023-09-05 11:23:13', 0, NULL),
(142, 'RATLAM', '17072', 'VIPIN MAHESHWARI', 'MAHESHWARI HOSPITAL NA NA', '404/405 KATJU NAGAR RATLAM', '9425103811', 'maheshwari_hospital@yahoo.com', NULL, '2023-09-05 11:23:13', '2023-09-05 11:23:13', 0, NULL),
(143, 'RATLAM', '17073', 'PURNIMA SUBHEDAR', 'ASHIRWAD NURSING HOME NA NA', '55/56 VED VYAS COLONY RATLAM', '9425103822', 'jsubhedar06@gmail.com', NULL, '2023-09-05 11:23:13', '2023-09-05 11:23:13', 0, NULL),
(144, 'RATLAM', '17074', 'RAMESH MITTAL', 'JANAK HOSPITAL NA NA', '20,DADI DHAM COLLECTORATE AREA RAM BAGH RATLAM', '9425078159', 'janakrtm@yahoo.com', NULL, '2023-09-05 11:23:13', '2023-09-05 11:23:13', 0, NULL),
(145, 'RATLAM', '17075', 'DAMODAR DAS GUPTA', 'Deepak Poli Clinic NA NA', '15 MAHU NEEMUCH ROAD NAMLI RATLAM', '9425187002', 'dr.dgupta09@gmail.com', NULL, '2023-09-05 11:23:13', '2023-09-05 11:23:13', 0, NULL),
(146, 'RATLAM', '17076', 'KIRTI KUMAR SHAH', 'SHAH HOSPITAL NA NA', 'KATJU NAGAR', '9425104210', 'shahhospitalratlam@gmail.com', NULL, '2023-09-05 11:23:13', '2023-09-05 11:23:13', 0, NULL),
(147, 'RATLAM', '17077', 'SURYAKANT SHARMA', 'Nidan Medical Centre NA NA', '52 HATHI KHANA ROAD RATLAM', '9425103163', 'nidan.rtm@gmail.com', NULL, '2023-09-05 11:23:13', '2023-09-05 11:23:13', 0, NULL),
(148, 'RATLAM', '17078', 'NAHID QURESHI', 'GETWELL HOSPITAL AND RESEARCH CENTER NA NA', '1,2,3, POST OFFICE ROAD RATLAM', '9425103220', 'drqureshinahid@yahoo.com', NULL, '2023-09-05 11:23:13', '2023-09-05 11:23:13', 0, NULL),
(149, 'RATLAM', '17079', 'SADHANA TAPADIA', 'PARVATI SONO CENTER NA NA', '241 GOUSHALA ROAD RATLAM', '9329399393', 'tapadiabl@gmail.com', NULL, '2023-09-05 11:23:13', '2023-09-05 11:23:13', 0, NULL),
(150, 'RATLAM', '17080', 'HEMLATA DANGI', 'OJAS HOSPITAL NA NA', 'OJAS HOSPITAL ALOT ROAD TAL', '9893894380', 'pradeepdangi74@gmail.com', NULL, '2023-09-05 11:23:13', '2023-09-05 11:23:13', 0, NULL),
(151, 'RATLAM', '17081', 'ASHA SARAF', 'ANKUR HOSPITAL NA NA', '88, VED VYAS COLONY RATLAM', '9425329494', 'nehaoneilesaraf@gmail.com', NULL, '2023-09-05 11:23:13', '2023-09-05 11:23:13', 0, NULL),
(152, 'RATLAM', '17082', 'SHEFALI SHAH', 'RIDHAN HOSPITAL NA NA', '80, FEET ROAD RALAM', '9977007715', 'shefali.more@gmail.com', NULL, '2023-09-05 11:23:13', '2023-09-05 11:23:13', 0, NULL),
(153, 'RATLAM', '17083', 'ANURAG GUPTA', 'PREETI C T SCAN CENTRE PVT LTD NA NA', '01 OPP RAJPUT BOARDING SHASHTRI NAGAR RATLAM M P', '9827206360', 'preetictscan@yahoo.co.in', NULL, '2023-09-05 11:23:13', '2023-09-05 11:23:13', 0, NULL),
(154, 'RATLAM', '17084', 'RADHESHYAM JAT', 'CHOUDHARY HOSPITAL NA NA', 'LOKENDRA TALKIES CHORAHA RATLAM', '9425969553', 'drrsjat0101@gmail.com', NULL, '2023-09-05 11:23:13', '2023-09-05 11:23:13', 0, NULL),
(155, 'RATLAM', '17085', 'SAI MARKETING', 'SHAKIR KHAN', '17 VAKIL COLONY RATLAM', '9806131786', 'SHAKIRUIDCSC@GMAIL.COM', NULL, '2023-09-05 11:23:13', '2023-09-05 11:23:13', 0, NULL),
(156, 'RATLAM', '17086', 'PUSHPRAJ SINGH', 'SHREE SAI CLINIC NA NA', '27/28 AJANTA TALKIES ROAD, NEAR HOTEL AJANTA PALACE RATLAM', '9302112234', 'pushprajsingh34@gmail.com', NULL, '2023-09-05 11:23:13', '2023-09-05 11:23:13', 0, NULL),
(157, 'RATLAM', '17087', 'SURYAKANT SHARMA', 'NIDAN MEDICAL CENTRE NA NA', '52 HATHI KHANA ROAD RATLAM', '9425103163', 'nidan.rtm@gmail.com', NULL, '2023-09-05 11:23:13', '2023-09-05 11:23:13', 0, NULL),
(158, 'RATLAM', '17088', 'Vijay Yadav', 'Mission Hospital NA NA', 'Kharwakala Dist ratlam', '9424058666', 'drvijayyadav@gmail.com', NULL, '2023-09-05 11:23:13', '2023-09-05 11:23:13', 0, NULL),
(159, 'RATLAM', '17089', 'NAHID QURESHI', 'GETWELL HOSPITAL AND RESEARCH CENTER NA NA', '1,2,3, POST OFFICE ROAD RATLAM', '9425103220', 'drqureshinahid@yahoo.com', NULL, '2023-09-05 11:23:13', '2023-09-05 11:23:13', 0, NULL),
(160, 'RATLAM', '17090', 'PURNIMA SUBHEDAR', 'ASHIRWAD NURSING HOME NA NA', '55/56 VED VYAS COLONY RATLAM', '9425103822', 'jsubhedar06@gmail.com', NULL, '2023-09-05 11:23:13', '2023-09-05 11:23:13', 0, NULL),
(161, 'RATLAM', '17091', 'PURNIMA SUBHEDAR', 'ASHIRWAD NURSING HOME NA NA', '55/56 VED VYAS COLONY RATLAM', '9425103822', 'jsubhedar06@gmail.com', NULL, '2023-09-05 11:23:13', '2023-09-05 11:23:13', 0, NULL),
(162, 'RATLAM', '17092', 'RAJESH JAIN', 'CHL JAIN DIWAKAR HOSPITAL NA NA', 'SAGOD ROAD', '9827644430', 'sverma@chlhospitals.com', NULL, '2023-09-05 11:23:13', '2023-09-05 11:23:13', 0, NULL),
(163, 'RATLAM', '17093', 'UDAY YARDAY', 'YARDAY NURSING HOME NA NA', 'OPP LOKENDRA TALKIES NEW ROAD RATLAM', '9425195400', 'yarday2005@gmail.com', NULL, '2023-09-05 11:23:13', '2023-09-05 11:23:13', 0, NULL),
(164, 'RATLAM', '17094', 'Lok Seva Kendra Taal', 'Naveen Kasera', 'tehsil office tal', '9303003567', 'lsktal2016@gmail.com', NULL, '2023-09-05 11:23:13', '2023-09-05 11:23:13', 0, NULL),
(165, 'RATLAM', '17095', 'Lok Seva Kendra Rawti', 'Arpit Mandwariya', 'Tehsil office Rawti', '9098036366', 'lskraoti2016@gmail.com', NULL, '2023-09-05 11:23:13', '2023-09-05 11:23:13', 0, NULL),
(166, 'RATLAM', '17096', 'Lok Seva Kendra Piploda', 'Narayan Kothari', 'Tehsil Parisar Piploda', '9913968963', 'lskpiploda@gmail.com', NULL, '2023-09-05 11:23:13', '2023-09-05 11:23:13', 0, NULL),
(167, 'RATLAM', '17097', 'Lok Seva Kendra Jaora', 'Rakesh Agrawal', 'Court Parisar jaora', '9827378734', 'lskjaora@gmail.com', NULL, '2023-09-05 11:23:13', '2023-09-05 11:23:13', 0, NULL),
(168, 'RATLAM', '17098', 'Lok Seva Kendra Alot', 'RAVI CHATURVEDI', 'Tehsil parisar alote', '9826033408', 'lskalote@gmail.com', NULL, '2023-09-05 11:23:13', '2023-09-05 11:23:13', 0, NULL),
(169, 'RATLAM', '17099', 'Lok Seva Kendra Sailana', 'ARPIT MANDWARIYA', 'Tehsil parisar Sailana', '9098036366', 'lsksailana@gmail.com', NULL, '2023-09-05 11:23:13', '2023-09-05 11:23:13', 0, NULL),
(170, 'RATLAM', '17100', 'Lok Seva Kendra Bajna', 'BANSILAL DHAKAD', 'tehsil office Bajna', '9630933030', 'lskbajna@gmail.com', NULL, '2023-09-05 11:23:13', '2023-09-05 11:23:13', 0, NULL),
(171, 'RATLAM', '17101', 'Lok Seva Kendra Ratlam', 'Harish sharma', 'collectorate Ratlam', '9300677395', 'Lskratlam@gmail.com', NULL, '2023-09-05 11:23:13', '2023-09-05 11:23:13', 0, NULL),
(172, 'RATLAM', '17102', 'SAMEER ELECTRONICS AND PHOTO STUDIO', 'SYED SHAHID MEER', 'ANAND COLONY MAIN ROAD RATLAM', '9826839800', 'SYEDSHAHIDMEER@GMAIL.COM', NULL, '2023-09-05 11:23:13', '2023-09-05 11:23:13', 0, NULL),
(173, 'RATLAM', '17103', 'SAI INSTITTUTE BAJNA DIST RATLAM', 'ABHISHEK KUMAR VERMA', 'NAI ABADI SADAR BAJAR BAJNA DIST RATLAM', '8827918672', 'VERMAABHI972@REDIFFMAIL.COM', NULL, '2023-09-05 11:23:13', '2023-09-05 11:23:13', 0, NULL),
(174, 'RATLAM', '17104', 'KRISHNA ONLINE AND BOOKS CENTER', 'MAHENDRA SINGH CHOUHAN', '11 JAIL ROAD NEAR BLOOD BANK RATLAM', '9981461443', 'KRISHNA.CYBERR@GMAIL.COM', NULL, '2023-09-05 11:23:13', '2023-09-05 11:23:13', 0, NULL),
(175, 'RATLAM', '17105', 'ADITYA ENTERPRISES', 'VIJESH KUMAR KASERA', '40/2 BHARAVA KI KUI, KASERA BAZZAR CHOURAHA, RATLAM', '9907700576', 'VIJESH_KASERA@YAHOO.COM', NULL, '2023-09-05 11:23:13', '2023-09-05 11:23:13', 0, NULL),
(176, 'RATLAM', '17106', 'SHREE SAI KRIPA COMPUTER', 'TRILOK SINGH SOLANKI', '14, PAWAN SUT KRIPA, CHATRIPUL, RATLAM (M.P.)', '9993812011', 'SHREESAIKRIPARTM@GMAIL.COM', NULL, '2023-09-05 11:23:13', '2023-09-05 11:23:13', 0, NULL),
(177, 'RATLAM', '17107', 'PRAKHAR MASTER MIND COMPUTER CENTER', 'MAHESH SINGH SONGARA', 'NEAR HANUMAN TEMPLE DHARAD POST DHARAD DIST RATLAM (M.P)', '9926853111', 'MAHESHSINGHSONGARA@GMAIL.COM', NULL, '2023-09-05 11:23:13', '2023-09-05 11:23:13', 0, NULL),
(178, 'RATLAM', '17108', 'SHOP NO 2 PATEL COMPLAX DHARAD DIST RATLAM', 'PAWAN KUMAR PATIDAR', 'SHOP NO 2 PATEL COMPLAX DHARAD DIST RATLAM', '9752005425', 'PAWAN290PP73@GMAIL.COM', NULL, '2023-09-05 11:23:13', '2023-09-05 11:23:13', 0, NULL),
(179, 'RATLAM', '17109', 'BALAJI COMPUTER', 'RAVINDRA SINGH GOYAL', 'SILAWATO KA VAS KANGSI MOHALLA', '9926909143', 'RAVINDRASINGHGOYAL1991@GMAIL.COM', NULL, '2023-09-05 11:23:13', '2023-09-05 11:23:13', 0, NULL),
(180, 'RATLAM', '17110', 'EXCELLENT COMPUTER CENTRE NANA TAYAR KE SAMNE BUS ROAD RAOTI', 'RAJENDAR KUMAR DAMA', 'EXCELLENT COMPUTER CENTRE NANA TAYAR KE SAMNE BUS ROAD RAOTI', '9753845322', 'rajendra4040@rediffmail.com', NULL, '2023-09-05 11:23:13', '2023-09-05 11:23:13', 0, NULL),
(181, 'RATLAM', '17111', 'CHITRANSH CENTRE, MAA BHAGWATI COMPLEX RATNPURI, RATLAM', 'AMIT NIGAM', 'CHITRANSH CENTRE, MAA BHAGWATI COMPLEX RATNPURI, RATLAM', '8964027793', 'AMITNIGAM008@YAHOO.CO.IN', NULL, '2023-09-05 11:23:13', '2023-09-05 11:23:13', 0, NULL),
(182, 'RATLAM', '17112', 'BALAJI COMPUTER', 'GOPAL PRAJAPATI', 'VILL BARKHEDI TEH PIPLODA DIST RATLAM', '9754045551', 'GOPALP1986@GMAIL.COM', NULL, '2023-09-05 11:23:13', '2023-09-05 11:23:13', 0, NULL),
(183, 'RATLAM', '17113', 'SHREE SAI PHOTO COPY', 'PAWAN BHEMDA', 'CS/23, VEER SANWARKAR MARKET, OPP NEW BAJNA BUS STAND, DEENDAYAL NAGAR, RATLAM (M.P.)', '9827713899', 'PAWANBHEMDA.3@GMAIL.COM', NULL, '2023-09-05 11:23:13', '2023-09-05 11:23:13', 0, NULL),
(184, 'RATLAM', '17114', 'R.K. ONLINE', 'SANJAY PARIHAR', '45 MHOW ROAD RATLAM', '7869800129', 'PARIHARSANJAY20@GMAIL.COM', NULL, '2023-09-05 11:23:13', '2023-09-05 11:23:13', 0, NULL),
(185, 'RATLAM', '17115', 'SAKET ONLINE', 'SHARAD VERMA', '305 , INDRLOK NAGAR RATLAM', '7869704379', 'SAKETONLINE121@GMAIL.COM', NULL, '2023-09-05 11:23:13', '2023-09-05 11:23:13', 0, NULL),
(186, 'RATLAM', '17116', 'AALOK COMPUTERS AND PHOTOCOPY PIPLODA', 'SURENDRA PRATAP SINGH DODIYA', 'AALOK COMPUTERS AND PHOTOCOPY NAKA NO 1 NEAR POLICE STATION PIPLODA', '9713405388', 'DODIYA.MONU@GMAIL.COM', NULL, '2023-09-05 11:23:13', '2023-09-05 11:23:13', 0, NULL),
(187, 'RATLAM', '17117', 'CHANDRAMOHAN SINGH RANA', 'CHANDRAMOHAN SINGH RANA', 'NEAR OLD BUS STAND PIPLODA', '9589404000', 'KALUDON101@GMAIL.COM', NULL, '2023-09-05 11:23:13', '2023-09-05 11:23:13', 0, NULL),
(188, 'RATLAM', '17118', 'GYAN COMPUTER', 'SANJAY BOHARA', '77/1 NEW ROAD RATLAM', '8103489114', 'BOHARA.SANJAY@GMAIL.COM', NULL, '2023-09-05 11:23:13', '2023-09-05 11:23:13', 0, NULL),
(189, 'RATLAM', '17119', 'MATRAKRIPA ONLINE AND XEROX CENTER', 'NAVEEN NAINANI', 'SHIV MANDIR ROAD RAOTI', '9827826667', 'NAVEENRTM@GMAIL.COM', NULL, '2023-09-05 11:23:13', '2023-09-05 11:23:13', 0, NULL),
(190, 'RATLAM', '17120', 'VILLAGE POST MARTANDAGANJ TE JAORA DIST RATLAM MP', 'SURESH KUMAR HUDYYA', 'VILLAGE POST MARTANDAGANJ TE JAORA DIST RATLAM MP', '9754635457', 'SKHS6629@GMAIL.COM', NULL, '2023-09-05 11:23:13', '2023-09-05 11:23:13', 0, NULL),
(191, 'RATLAM', '17121', 'EENOVATIONS', 'UDIT AGARWAL', '136 NEW ROAD OPP. RATLAM PLAZA RATLAM', '7693060666', 'EENOVATIONS@GMAIL.COM', NULL, '2023-09-05 11:23:13', '2023-09-05 11:23:13', 0, NULL),
(192, 'RATLAM', '17122', 'PATIDAR STATIONARY AND MOBILE SHOP', 'SUNDAR LAL PATIDAR', 'MKAN N 546 GRAM ROLA TEH JAORA DIST RATLAM', '9575769575', 'ONLINEROLA@GMAIL.COM', NULL, '2023-09-05 11:23:13', '2023-09-05 11:23:13', 0, NULL),
(193, 'RATLAM', '17123', 'ANGEL INFOTECH', 'LOKESH KUMAR JAIN', '20 SHAHAR SARAY SUBHASH MARG', '7415748474', 'LOKESHRTM@LIVE.COM', NULL, '2023-09-05 11:23:13', '2023-09-05 11:23:13', 0, NULL),
(194, 'RATLAM', '17124', 'JAI MATA DI ON LINE CENTER', 'RAJENDRA SINGH CHOUHAN', '81,GRAM SARWAN TEH SAILANA DISTT RATLAM M.P.', '9893231823', 'ESCHOUHANSRW2016@GMAIL.COM', NULL, '2023-09-05 11:23:13', '2023-09-05 11:23:13', 0, NULL),
(195, 'RATLAM', '17125', 'RAJ AGRI CARE', 'DHARMRAJ PATIDAR', '117, MAHARANA PRATAP CHOWK, SAILANA BUS STAND RATLAM', '9827266446', 'DRAJPATIDAR@GMAIL.COM', NULL, '2023-09-05 11:23:13', '2023-09-05 11:23:13', 0, NULL),
(196, 'RATLAM', '17126', 'SHREESAI COMPUTERS ALOTE', 'ASHVIN RATHOR', 'SHREESAI COMPUTERS ALOTE', '9589446499', 'ASHVINRATHOR89@GMAIL.COM', NULL, '2023-09-05 11:23:13', '2023-09-05 11:23:13', 0, NULL),
(197, 'RATLAM', '17127', 'CHITRANSH COMPUTER INSTITUTE', 'AJAY BHATNAGAR', 'TEACHERS COLONY BAJNA', '9424824439', 'AJAYBHATNAGAR124@GMAIL.COM', NULL, '2023-09-05 11:23:13', '2023-09-05 11:23:13', 0, NULL),
(198, 'RATLAM', '17128', 'SUNRISE COMPUTER', 'SHYAM SINGH SISODIYA', 'SADAR BAZAR BADAWADA', '9977727907', 'SUNRISECOMPUTER2009@REDIFFMAIL.COM', NULL, '2023-09-05 11:23:13', '2023-09-05 11:23:13', 0, NULL),
(199, 'RATLAM', '17129', 'ISHAN ENTERPRISES', 'ISHAN NARENDRA UPADHYAY', '21,OPPOSITE NEW COURT VEER SAWARKAR MARG', '9993552043', 'ISHANUPADHYAY09@GMAIL.COM', NULL, '2023-09-05 11:23:13', '2023-09-05 11:23:13', 0, NULL),
(200, 'RATLAM', '17130', 'SIDDHI VINAYAK PHOTOCOPY AND STATIONERY', 'PRADEEP AGRAWAL', '1/2 RAMGARH, IN FRONT OF GANESH MANGLIK BHAWAN, RATLAM', '7389368714', 'SVRATLAM@GMAIL.COM', NULL, '2023-09-05 11:23:13', '2023-09-05 11:23:13', 0, NULL),
(201, 'RATLAM', '17131', 'OM COMPUTERS', 'SUNIL CHOUHAN', '42-NEW ROAD IN FRONT OF MAHARSHI VED VYAS SCHOOL', '9179772966', 'SUNIL07412@GMAIL.COM', NULL, '2023-09-05 11:23:13', '2023-09-05 11:23:13', 0, NULL),
(202, 'RATLAM', '17132', 'DHAKAD COMPUTER CHIKLANA', 'SARITA BAGGAD', 'VILLAGE POST CHIKLANA', '9098073290', 'SARITA.BAGGAD015@GMAIL.COM', NULL, '2023-09-05 11:23:13', '2023-09-05 11:23:13', 0, NULL),
(203, 'RATLAM', '17133', 'SAILANA COMPUTERS AND ONLINE CENTER SAILANA', 'PARVEJ KHAN MANSURI', 'NEAR SHANKAR MANDIR, BANSWARA ROAD, KUMAWATPURA SAILANA DIST. RATLAM M.P.', '8962379747', 'PARVEZ.SAILANA@GMAIL.COM', NULL, '2023-09-05 11:23:13', '2023-09-05 11:23:13', 0, NULL),
(204, 'RATLAM', '17134', 'WARD NO 12 NAI AABADI PIPLODA', 'KAMAL GANGWAL', 'WARD NO 12 NAI AABADI PIPLODA', '9907768083', 'KAMAL.GANGWAL154@GMAIL.COM', NULL, '2023-09-05 11:23:13', '2023-09-05 11:23:13', 0, NULL),
(205, 'RATLAM', '17135', 'MM INFOTECH', 'MO JUNED USTA', '221/1 GOSHALA ROAD', '9993569143', 'JUNEDUSTA@GMAIL.COM', NULL, '2023-09-05 11:23:13', '2023-09-05 11:23:13', 0, NULL),
(206, 'RATLAM', '17136', 'NICE COMPUTERS', 'JITENDRA KUMAR', 'NICE COMPUTERS VILL SERPURKHURD ALOT RATLAM MP', '8085650514', 'JITUE655@GMAIL.COM', NULL, '2023-09-05 11:23:13', '2023-09-05 11:23:13', 0, NULL),
(207, 'RATLAM', '17137', 'MAA INFOTECH', 'VIPIN JARWAL', 'B/270 ALKAPURI RATLAM (M.P.)', '9907534376', 'VIPIN2009.JARWAL@GMAIL.COM', NULL, '2023-09-05 11:23:13', '2023-09-05 11:23:13', 0, NULL),
(208, 'RATLAM', '17138', 'SHIVA ONLINE CENTERR', 'ANIL PUROHIT', '36 SAILANA ROAD', '9827220014', 'ANILPUROHITVANDANA@GMAIL.COM', NULL, '2023-09-05 11:23:13', '2023-09-05 11:23:13', 0, NULL),
(209, 'RATLAM', '17139', 'SONGARA COMPUTERS', 'DEEPAK SONGARA', '150/4 NAYA BAZAR ALOTE', '8871621442', 'DEEPAKSONGARA888@REDIFFMAIL.COM', NULL, '2023-09-05 11:23:13', '2023-09-05 11:23:13', 0, NULL),
(210, 'RATLAM', '17140', 'SHREE JI ONLINE', 'KAMAL SINGH JADAV', '1041 SARASWATI NAGAR KARAMDI ROAD RATLAM', '9826570350', 'KAMALSINGH.RATLAM@GMAIL.COM', NULL, '2023-09-05 11:23:13', '2023-09-05 11:23:13', 0, NULL),
(211, 'RATLAM', '17141', 'MOBILE GURU', 'RAVINDRA SINGH MAKWANA', 'NAGAR NIGAM TIRAHA, NEAR AMRESHWAR MAHADEV MANDIR, RATLAM', '9893666145', 'RAVIMAKWANA464@GMAIL.COM', NULL, '2023-09-05 11:23:13', '2023-09-05 11:23:13', 0, NULL),
(212, 'RATLAM', '17142', 'MATRIX COMPUTER', 'ASHISH DAIYA', '370 C ABHILASHA KATJU NAGAR RATLAM', '9827359793', 'MATRIXRTM@GMAIL.COM', NULL, '2023-09-05 11:23:13', '2023-09-05 11:23:13', 0, NULL),
(213, 'RATLAM', '17143', 'SHREE SAIRAM COMPUTER AND PHOTO COPIY DHAMEDI', 'CHAMPA LAL MAIDA', 'VILLAGE/POST/DHAMEDI T.PIPLODA DIST.RATLAM', '9424529412', 'CHAMPALAL1986@GMAIL.COM', NULL, '2023-09-05 11:23:13', '2023-09-05 11:23:13', 0, NULL),
(214, 'RATLAM', '17144', 'MATANGI ONLINE', 'MUKESH DHABHAI', 'THAWARIA BAZAR, NEAR WATER TANK', '8959521010', 'M.DHABHAI@HOTMAIL.COM', NULL, '2023-09-05 11:23:13', '2023-09-05 11:23:13', 0, NULL),
(215, 'RATLAM', '17145', 'SONA SOLUTIONS', 'MAHESH KUMAR SINGH', '1 LIC CORNER INFRONT OF LIC OFFICE SHASTRI COLONY JAORA', '9907322345', 'jaorajaorajaora@gmail.com', NULL, '2023-09-05 11:23:13', '2023-09-05 11:23:13', 0, NULL),
(216, 'RATLAM', '17146', 'EEZONE CYBER CAFE', 'HEENA KARKI', 'SHOP NO 3 SAKHI MARKET VIRIYAKHEDI RATLAM', '8305148966', 'EZONERTM16@GMAIL.COM', NULL, '2023-09-05 11:23:13', '2023-09-05 11:23:13', 0, NULL),
(217, 'RATLAM', '17147', 'SHREE MARUTI GRAPHICS', 'VASUDEV MEHTA', 'MAWTA ROAD RIYAWAN, TEH. PIPLODA, DISTT. RATLAM', '8889111394', 'VASU.DHAKAD@GMAIL.COM', NULL, '2023-09-05 11:23:13', '2023-09-05 11:23:13', 0, NULL),
(218, 'RATLAM', '17148', 'A.Q.COMPUTER', 'MOHAMMAD SHAKIL CHHIPA', '53 SUBASH COMPLEX OPP IN MPEB', '8720881400', 'SHAKILCHHIPA@GMAIL.COM', NULL, '2023-09-05 11:23:13', '2023-09-05 11:23:13', 0, NULL),
(219, 'RATLAM', '17149', 'TMK COMPUTER', 'TAHIR MOHD KHAN', 'KAMLA NEHRU MARG', '9920992785', 'TAHIRFARHATKHAN@GMAIL.COM', NULL, '2023-09-05 11:23:13', '2023-09-05 11:23:13', 0, NULL),
(220, 'RATLAM', '17150', 'JYOTI STATIONERS ONLINE SOLUTION', 'MOHAMMAD ALIM SADIQ MANSOORI', 'JYOTI OPTICALS HAAT ROAD SQUARE RATLAM', '9993131370', 'PHARMA.SADIQ@GMAIL.COM', NULL, '2023-09-05 11:23:13', '2023-09-05 11:23:13', 0, NULL),
(221, 'RATLAM', '17151', 'SRI SAI RAM GRAFICS NAMLI', 'DAYA SHANKAR PRAJAPAT', 'NAMLI RATLAM MADHYAPARDESH', '9575613051', 'DAYADSP19@GMAIL.COM', NULL, '2023-09-05 11:23:13', '2023-09-05 11:23:13', 0, NULL),
(222, 'RATLAM', '17152', 'CHANDRAWAT COMPUTER DHODHAR', 'DILIP SINGH CHANDRAWAT', 'CHANDRAWAT COMPUTER, NEAR CO-OPERATIVE BANK, DHODHAR', '7697138172', 'DILIPCHANDRAWAT2011@GMAIL.COM', NULL, '2023-09-05 11:23:13', '2023-09-05 11:23:13', 0, NULL),
(223, 'RATLAM', '17153', 'SARASWATI COMPUTER,NALA ROAD,SHASTRI MARG SAILANA ,TEHSIL SAILANA DIST RATLAM M.P.', 'RAVI KASERA', 'SARASWATI COMPUTER,NALA ROAD,SHASTRI MARG SAILANA ,TEHSIL SAILANA DIST RATLAM M.P.', '8359010107', 'RAVI.DJ121@GMAIL.COM', NULL, '2023-09-05 11:23:13', '2023-09-05 11:23:13', 0, NULL),
(224, 'RATLAM', '17154', 'SHREE VINAYAK COMPUTER CENTER', 'MANGLESH KASERA', 'MAIN ROAD SAILANA', '9977634101', 'LICMANGLESHKASERA13@GMAIL.COM', NULL, '2023-09-05 11:23:13', '2023-09-05 11:23:13', 0, NULL),
(225, 'RATLAM', '17155', 'SAI SHREE STATIONARY', 'DHARMENDRA BENAWAT', 'B-47 JAWAHAR NAGAR RATLAM', '9827355386', 'DHARM.BENAWAT@GMAIL.COM', NULL, '2023-09-05 11:23:13', '2023-09-05 11:23:13', 0, NULL),
(226, 'RATLAM', '17156', 'PRANJAL INFORMATION TECHNOLOGY', 'HIMANSHU JOSHI', 'PRANJAL INFORMATION TECHNOLOGY 14 MITRA NIWAS ROAD BELOW ROYAL ENFIELD RATLAM', '9981505051', 'HIM.RATLAM@GMAIL.COM', NULL, '2023-09-05 11:23:13', '2023-09-05 11:23:13', 0, NULL),
(227, 'RATLAM', '17157', 'G ONE CYBER AND PHOTOCOPY', 'RUPESH RANKA', '49 KHERADIVAS G ONE CYBER AND PHOTOCOPY RATLAM', '9926408804', 'RUPESHRANKA@GMAIL.COM', NULL, '2023-09-05 11:23:13', '2023-09-05 11:23:13', 0, NULL),
(228, 'RATLAM', '17158', '172, CHANDNI CHOWK, RATLAM', 'LAVESH SONI', '172, CHANDNI CHOWK, RATLAM', '9407150914', 'LAVESH.SONI143@GMAIL.COM', NULL, '2023-09-05 11:23:13', '2023-09-05 11:23:13', 0, NULL),
(229, 'RATLAM', '17159', 'POWER NET ZONE CYBER CAFE', 'ROSHAN KUMAR VERMA', 'LAXMAN BHAWAN 57 FREE GUNJ ROAD RATAM', '9479553641', 'MOHAN.RADHA16@GMAIL.COM', NULL, '2023-09-05 11:23:13', '2023-09-05 11:23:13', 0, NULL),
(230, 'RATLAM', '17160', 'INDIAN STATIONERY CORNER', 'KAIZAR HUSSAIN BOHRA', '1, GUNNA CHOWK JAORA , DIST-RATLAM.', '9039245898', 'BOHRA.ABBASALI52@GMAIL.COM', NULL, '2023-09-05 11:23:13', '2023-09-05 11:23:13', 0, NULL),
(231, 'RATLAM', '17161', 'SAI COMPUTER BAJNA', 'NAVEEN TAK', '400,BUS STAND BAJNA,DIST-RATLAM(M.P)', '8103468110', 'NAVEEN.TAK110@GMAIL.COM', NULL, '2023-09-05 11:23:13', '2023-09-05 11:23:13', 0, NULL),
(232, 'RATLAM', '17162', 'MAHAKAL ONLINE POINT', 'SANJAY RATHORE', '116 SAHAR SARAI SUBHASH MARG RATLAM', '9977866778', 'ONLINEPOINT15@GMAIL.COM', NULL, '2023-09-05 11:23:13', '2023-09-05 11:23:13', 0, NULL),
(233, 'RATLAM', '17163', 'EASY TELECOM', 'RAJESH PATIL', '39, GITAMANDIR COMPOUND, MITRA NIWAS ROAD', '9981145544', 'PATILRAJESHM@GMAIL.COM', NULL, '2023-09-05 11:23:13', '2023-09-05 11:23:13', 0, NULL),
(234, 'RATLAM', '17164', 'UNITECH COMPUTERS', 'SHIRISH JOSHI', '50, RAJASWA COLONY', '9425354664', 'unitechratlam@gmail.com', NULL, '2023-09-05 11:23:13', '2023-09-05 11:23:13', 0, NULL),
(235, 'RATLAM', '17165', 'KHUSHBU COMPUTER KUNDANPUR', 'RAJESH TAK', 'TEACHER COLONY,VILLAGE-KUNDANPUR,TEH-BAJNA,DIST-RATLAM(M.P)', '9406635864', 'RAJESHTAK864@GMAIL.COM', NULL, '2023-09-05 11:23:13', '2023-09-05 11:23:13', 0, NULL),
(236, 'RATLAM', '17166', 'SAKSHAM COMPUTER', 'GHANSHYAM RATHOD', 'VILL-MANANKHEDA', '9617220534', 'GSRATHOR159@GMAIL.COM', NULL, '2023-09-05 11:23:13', '2023-09-05 11:23:13', 0, NULL),
(237, 'RATLAM', '17167', 'MUKUL COMPUTER', 'SUNITA SOLANKI', '12 B SAWARIYA COLONY JAORA', '7000376540', 'mcmponline@gmail.com', NULL, '2023-09-05 11:23:13', '2023-09-05 11:23:13', 0, NULL);
INSERT INTO `file_datas` (`id`, `Dest`, `SN`, `KIOSK_NAME`, `OWNER_NAME`, `KIOSK_ADDRESS`, `MOBILE_NO`, `EMAIL_ID`, `remember_token`, `created_at`, `updated_at`, `status`, `list_option`) VALUES
(238, 'RATLAM', '17168', 'SHREE SAI COMPUTER', 'PIYUSH KUMAR JAIN', '32 JAWAHAR CHOK PIPLODA', '9584264408', 'SHUBJAIN2010@GMAIL.COM', NULL, '2023-09-05 11:23:13', '2023-09-05 11:23:13', 0, NULL),
(239, 'RATLAM', '17169', 'RED ROSE COMPUTER SALES AND SERVICE AND CYBER CAFE', 'MOIN UDDIN ANSARI', '32/1. ABKARI ROAD SEHAR SARAI RATLAM MADHYA PRADESH', '9329327384', 'MOIN9329@YAHOO.COM', NULL, '2023-09-05 11:23:13', '2023-09-05 11:23:13', 0, NULL),
(240, 'RATLAM', '17170', 'BALAJI NAGRIK SUVIDHA KENDRA', 'BHAGWATI LAL SHARMA', 'MANDAWAL CHORAHA', '9630497978', 'BALAJIMPONLINE@GMAIL.COM', NULL, '2023-09-05 11:23:13', '2023-09-05 11:23:13', 0, NULL),
(241, 'RATLAM', '17171', 'ARUNAUDAY SBI KIOSK', 'VISHAL VYAS', 'KAMLA NEHRU MARG SAILANA', '7746011770', 'VISHALVYASWCCSL@GMAIL.COM', NULL, '2023-09-05 11:23:13', '2023-09-05 11:23:13', 0, NULL),
(242, 'RATLAM', '17172', 'MA KRIPA KIRANA', 'KISHOR TAK', 'SATRUNDA CHOUPATI INODRE ROAD TEHSIL DIST RATLAM', '9827769514', 'KISHORTAK2525@GMAIL.COM', NULL, '2023-09-05 11:23:13', '2023-09-05 11:23:13', 0, NULL),
(243, 'RATLAM', '17173', 'MH COMPUTER CENTER', 'ISHTIYAK AHMED MANSOORI', '77, HAT KI CHOKI MAIN ROAD', '9098350104', 'ishtiyakmansoori@gmail.com', NULL, '2023-09-05 11:23:13', '2023-09-05 11:23:13', 0, NULL),
(244, 'RATLAM', '17174', 'GURU KRIPA', 'VISHAL CHHAPOLA', 'JAORA ROAD RATLAM', '8103223143', 'VCHHAPOLA7@GMAIL.COM', NULL, '2023-09-05 11:23:13', '2023-09-05 11:23:13', 0, NULL),
(245, 'RATLAM', '17175', 'MAHESH MOBAIL', 'MAHESH PARMAR', '97/1 RAJENDRA MARG TAL', '9630323219', 'MAHESHPARMAR0006@GMAIL.COM', NULL, '2023-09-05 11:23:13', '2023-09-05 11:23:13', 0, NULL),
(246, 'RATLAM', '17176', 'BALAJI NAGRIK SUVIDHA KENDRA', 'DASHRATH TAILOR', 'MANDAWAL CHORAHA KHARWA KALAN POST KHARWA KALAN', '8965882908', 'rathordashrath.2013@gmail.com', NULL, '2023-09-05 11:23:13', '2023-09-05 11:23:13', 0, NULL),
(247, 'RATLAM', '17177', 'NEW SAHITYA GHAR', 'MAHENDRA SINGH KANTHED', '24 JAIL ROAD RATLAM', '9424503007', 'MKANTHED1971@GMAIL.COM', NULL, '2023-09-05 11:23:13', '2023-09-05 11:23:13', 0, NULL),
(248, 'RATLAM', '17178', 'SHRI SAI KRIPA CYBER CAFE', 'DEEPAK VERMA', 'C-79, VINOBA NAGAR, RATLAM', '9827733438', 'DPK6MAIL@GMAIL.COM', NULL, '2023-09-05 11:23:13', '2023-09-05 11:23:13', 0, NULL),
(249, 'RATLAM', '17179', 'SWASTIK PHOTO COPY AND STATIONARY', 'MANOHAR TAK', '633 HARTHAL ROAD RAOTI RATLAM', '8966051569', 'RAHULTAK27121991@GMAIL.COM', NULL, '2023-09-05 11:23:13', '2023-09-05 11:23:13', 0, NULL),
(250, 'RATLAM', '17180', 'SWASTIK PHOTO CPOY AND STATIONARY', 'SEEMA TAK', '633 HARTHAL ROAD GRAM POST TAHSIL-RAOTI', '8959173659', 'SEEMATAK14@GMAIL.COM', NULL, '2023-09-05 11:23:13', '2023-09-05 11:23:13', 0, NULL),
(251, 'RATLAM', '17181', 'EDUTECH', 'RAHUL MEHTA', '61 NAGAR WAS, RATLAM', '9907046471', 'RAHULM69@GMAIL.COM', NULL, '2023-09-05 11:23:13', '2023-09-05 11:23:13', 0, NULL),
(252, 'RATLAM', '17182', 'SAIRAM COMPUTER CENTER', 'NAGESHWAR PARMAR', 'SHASTRI MARG SAILANA', '9893299189', 'RAHUL1997PARMAR@GMAIL.COM', NULL, '2023-09-05 11:23:13', '2023-09-05 11:23:13', 0, NULL),
(253, 'RATLAM', '17183', 'SUPER COLLECTION', 'NAMRATA PARIHAR', '117, SUPER COLLECTION, SHRIMALI WAS', '7746079144', 'NAMRATA.PARIHAR412@GMAIL.COM', NULL, '2023-09-05 11:23:13', '2023-09-05 11:23:13', 0, NULL),
(254, 'RATLAM', '17184', 'MM', 'MADAN GOPAL SHARMA', 'INDRA COLONY RAOTI RATLAM', '9425781435', 'MGSHARMA90@GMAIL.COM', NULL, '2023-09-05 11:23:13', '2023-09-05 11:23:13', 0, NULL),
(255, 'RATLAM', '17185', 'GOSWAMI ENTERPRISES', 'JITENDRA PURI GOSWAMI', 'VILLAGE-KALALIYA THESIL-JAORA', '7898002313', 'GOSWAMIJITENDRA26@GMAIL.COM', NULL, '2023-09-05 11:23:13', '2023-09-05 11:23:13', 0, NULL),
(256, 'RATLAM', '17186', 'MAHAKAL ONLINE PREMIUM POINT', 'VIKAS PORWAL', '22 SHUKRAWARIYA JAORA TEHSIL JAORA DIST. RATLAM', '9039686625', 'mahakalopp@gmail.com', NULL, '2023-09-05 11:23:13', '2023-09-05 11:23:13', 0, NULL),
(257, 'RATLAM', '17187', 'CBI KIOSK BANK RANISINGH', 'SANDEEP MALIWAD', 'GRAM POST RANISINGH TEH RAOTI DISTT RATLAM', '9589605857', 'HPATEL189@GMAIL.COM', NULL, '2023-09-05 11:23:13', '2023-09-05 11:23:13', 0, NULL),
(258, 'RATLAM', '17188', 'MSOFT COMPUTER', 'RAUF KHAN', '167, RAJENDRA NAGAR NEAR RAILWAY LINE MAIN ROAD RATLAM', '9753234007', 'RAUF_MSOFT007@REDIFFMAIL.COM', NULL, '2023-09-05 11:23:13', '2023-09-05 11:23:13', 0, NULL),
(259, 'RATLAM', '17189', '24, SHRINAGAR COLONY, NEAR AMRIT SAGAR GARDEN', 'VARUN NANDKISHORE KUMAWAT', '24, SHRINAGAR COLONY, NEAR AMRIT SAGAR GARDEN', '7898789937', 'KMWT.VARUN@GMAIL.COM', NULL, '2023-09-05 11:23:13', '2023-09-05 11:23:13', 0, NULL),
(260, 'RATLAM', '17190', 'SUVIDHA NX,', 'AMITVIKRAM SINGH SENGAR', '3 PALACE ROAD , RATLAM', '9893081041', 'SUVIDHA2012@YAHOO.COM', NULL, '2023-09-05 11:23:13', '2023-09-05 11:23:13', 0, NULL),
(261, 'RATLAM', '17191', 'SBI KIOSK PANCHEWA', 'SUNIL KUMAR AANJANA', 'VILL PANCHEWA TEH.PIPLODA DIST.RATLAM', '9165343081', 'AANJANASUNIL@GMAIL.COM', NULL, '2023-09-05 11:23:13', '2023-09-05 11:23:13', 0, NULL),
(262, 'RATLAM', '17192', 'SARTHAK FINICIAL CONSULTANT', 'PANKAJ PATHAK', 'B-9 DINDYAL NAGAR', '9752103070', 'PANKAJ.PATHAK22386@GMAIL.COM', NULL, '2023-09-05 11:23:13', '2023-09-05 11:23:13', 0, NULL),
(263, 'RATLAM', '17193', 'FUTURE PLUS COMPUTER', 'SUBHASH BHATT', '50,TELIYO KI SADAK RAMGAD RATLAM', '9826603066', 'SBFUTUREPLUS@YAHOO.COM', NULL, '2023-09-05 11:23:13', '2023-09-05 11:23:13', 0, NULL),
(264, 'RATLAM', '17194', 'PAVECHA COCHING RATLAM', 'SHEETAL PAVECHA', '8 TWARIYA BAZAR RATLAM', '9827289210', 'SHEETALPAVECHA8@GMAIL.COM', NULL, '2023-09-05 11:23:13', '2023-09-05 11:23:13', 0, NULL),
(265, 'RATLAM', '17195', 'MANAV COMPUTER', 'ZOHEB QURESHI', '21/1, NAHARPURA STREET NO.2', '9893330047', 'WZOHEB@GMAIL.COM', NULL, '2023-09-05 11:23:13', '2023-09-05 11:23:13', 0, NULL),
(266, 'RATLAM', '17196', 'SHIVANCHAL INSTITUTE OF PROFESSIONAL STUDY', 'SATISH SHARMA', '14/26 CHOUDHARY PLAZA', '9300101022', 'SHIVANCHAL.IPS@GMAIL.COM', NULL, '2023-09-05 11:23:13', '2023-09-05 11:23:13', 0, NULL),
(267, 'RATLAM', '17197', 'SHRI AMBE KIRANA', 'GAJENDRA SHARMA', '48 VILL POST PANCHEWA , TEH PIPLODA , DISTT RATLAM', '9630223632', 'GAJENDRASHARMA.PANCHEWA@GMAIL.COM', NULL, '2023-09-05 11:23:13', '2023-09-05 11:23:13', 0, NULL),
(268, 'RATLAM', '17198', 'M/S ABDUL RAZZAQ ABDUL KHALIQ', 'ABDUL RAZZAQ', '7 PUL BAZAAR JAORA 457226 DISTT RATLAM M.P.', '8989704636', 'ABDUL.JAORA8039@YAHOO.CO.IN', NULL, '2023-09-05 11:23:13', '2023-09-05 11:23:13', 0, NULL),
(269, 'RATLAM', '17199', 'KRISHNA COMPUTER', 'LALIT KUMAR DUBEY', '150/7, JUNA BAZAR ALOT DISTT. RATLAM M.P.', '9752230778', 'LOVESHD@REDIFFMAIL.COM', NULL, '2023-09-05 11:23:13', '2023-09-05 11:23:13', 0, NULL),
(270, 'RATLAM', '17200', 'AASHI COMPUTER CENTER', 'JAG MOHAN RATHORE', '12 MG ROAD SAILANA', '9617953203', 'DIPESHR29783@GMAIL.COM', NULL, '2023-09-05 11:23:13', '2023-09-05 11:23:13', 0, NULL),
(271, 'RATLAM', '17201', 'JAY MA SANTOSHI ONLINE SERVIC CENTER, HATNARA', 'AMBARAM PATIDAR', 'BUS STAND HATNARA', '7697532647', 'PATIDARRAHUL412@GMAIL.COM', NULL, '2023-09-05 11:23:13', '2023-09-05 11:23:13', 0, NULL),
(272, 'RATLAM', '17202', 'SANGAM ONLINE', 'ARVIND SINGH RATHORE', '74, NAGARWAS RATLAM', '9827310458', 'ARVINDRATHORE74@GMAIL.COM', NULL, '2023-09-05 11:23:13', '2023-09-05 11:23:13', 0, NULL),
(273, 'RATLAM', '17203', 'SEETECH COMPUTER', 'DILIP SINGH CHAWDA', 'SEETECH COMPUTER 135 KASTURBA NAGAR RATLAM (M.P)', '9827743320', 'DSCHAWDA007@GMAIL.COM', NULL, '2023-09-05 11:23:13', '2023-09-05 11:23:13', 0, NULL),
(274, 'RATLAM', '17204', 'ANUSHA COMPUTER', 'NITESH SETHIYA', 'SADAR BAZAR VIKRAMGADH ALOTE WORD NO.14', '7415706458', 'NITESHALOT@GMAIL.COM', NULL, '2023-09-05 11:23:13', '2023-09-05 11:23:13', 0, NULL),
(275, 'RATLAM', '17205', 'MAA KALIKA INTERPRISES', 'JITENDRA SHARMA', '26, VEER SAVARKAR MARG', '9827331306', 'SANTOSHSHARMA4807@GMAIL.COM', NULL, '2023-09-05 11:23:13', '2023-09-05 11:23:13', 0, NULL),
(276, 'RATLAM', '17206', 'IACT COMPUTER', 'WASIM MANSURI', '309 C JAWAHAR NAGAR RATLAM', '9827581253', 'IACTRATLAM@GMAIL.COM', NULL, '2023-09-05 11:23:13', '2023-09-05 11:23:13', 0, NULL),
(277, 'RATLAM', '17207', 'MAHANKAL SERVICES', 'SUMIT KUMAR AGRAWAL', '20,PAHADIYA ROAD JAORA', '9691932923', 'SUMIT.KWC@GMAIL.COM', NULL, '2023-09-05 11:23:13', '2023-09-05 11:23:13', 0, NULL),
(278, 'RATLAM', '17208', 'MOIN MOBILE AND ONLINE CENTER', 'RASHEED KHAN', '134, HAAT KI CHOWKI, RATLAM', '8462061405', 'RASHEEDRKHAN@YAHOO.COM', NULL, '2023-09-05 11:23:13', '2023-09-05 11:23:13', 0, NULL),
(279, 'RATLAM', '17209', 'KANCHY POINTS', 'AKHILESH YADAV', '27/2 MALWASI PURA STATION ROAD JAORA DISTT RATLAM', '8982392807', 'YADAVAKY07@GMAIL.COM', NULL, '2023-09-05 11:23:13', '2023-09-05 11:23:13', 0, NULL),
(280, 'RATLAM', '17210', 'VIKAS SHARMA', 'VIKAS SHARMA', '289,SHOP NO.3 GALI NO.5 KASTURBA NAGAR OPPOSITE JAIN MANDIR RATLAM', '9074608636', 'VIKASSH.UID@GMAIL.COM', NULL, '2023-09-05 11:23:13', '2023-09-05 11:23:13', 0, NULL),
(281, 'RATLAM', '17211', 'PARAS SHRI MOBILE AND STATIONARY', 'NITIN CHOURSIYA', 'D369 P DINDAYAL NAGAR', '9827313628', 'NEELCHOURSIYA@GMAIL.COM', NULL, '2023-09-05 11:23:13', '2023-09-05 11:23:13', 0, NULL),
(282, 'RATLAM', '17212', 'SISODIYA ONLINE CENTER', 'BHERULAL SISODIYA', 'SAMITI CHOWK SARWAN', '9575799283', 'bherulalsisodiya94@gmail.com', NULL, '2023-09-05 11:23:13', '2023-09-05 11:23:13', 0, NULL),
(283, 'RATLAM', '17213', 'DEEPAK PHOTO STATE DHODHAR', 'MANGILAL SAHU', 'JANTA COMPLEX DHODHAR', '8120337568', 'DEEPAKPHOTOSTAT568@GMAIL.COM', NULL, '2023-09-05 11:23:13', '2023-09-05 11:23:13', 0, NULL),
(284, 'RATLAM', '17214', 'KESAR SERIVICE POINT', 'VIVEK RATHORE', 'OLD BAJNA BUS STAND', '9977332263', 'VIVEKRATHORRAHI@GMAIL.COM', NULL, '2023-09-05 11:23:13', '2023-09-05 11:23:13', 0, NULL),
(285, 'RATLAM', '17215', 'SHRIJI', 'RINKU KASERA', '1,RAMGAD GANESH MANDIR KE SAMNE', '9584831931', 'RINKUKASERA1@GMAIL.COM', NULL, '2023-09-05 11:23:13', '2023-09-05 11:23:13', 0, NULL),
(286, 'RATLAM', '17216', 'SHREE UTTAM COMPUTER SERVICES', 'AKHILESH SINGH KUSHWAH', '284, GURUKRIPA, KASTURBA NAGAR, MAIN ROAD RATLAM', '9589913456', 'SHREEUTTAM10@YAHOO.COM', NULL, '2023-09-05 11:23:13', '2023-09-05 11:23:13', 0, NULL),
(287, 'RATLAM', '17217', 'SHREE SHIDHI VINAYAK COMPUTARS', 'GOPAL DHAKAD', 'SHREE GANESH AGRO OPP.GOVT PARK MAHU NEEMACH ROAD DOSIGAV SEJAWATA', '7566905557', 'GOPALDHAKAD93@GMAIL.COM', NULL, '2023-09-05 11:23:13', '2023-09-05 11:23:13', 0, NULL),
(288, 'RATLAM', '17218', 'RATLAM INFOTECH', 'NIKHLESH SONGARA', '253 SAJJAN MILL ROAD RATLAM', '8871624726', 'SONGARANIKHLESH@GMAIL.COM', NULL, '2023-09-05 11:23:13', '2023-09-05 11:23:13', 0, NULL),
(289, 'RATLAM', '17219', 'SHREEJI', 'LOKESH TOMAR', 'WARD NO 13 S/O VINOD TOMAR MHOW-NEEMUCH ROAD NAMLI', '9826123336', 'SHREEGROUPSNAMLI@GMAIL.COM', NULL, '2023-09-05 11:23:13', '2023-09-05 11:23:13', 0, NULL),
(290, 'RATLAM', '17220', 'SHREE GURU KRIPA COMPUTER CENTER JADWASA', 'SATYANARAYAN CHOUDHARY', 'VILLGE POST JADWASA TEH PIPLODA', '9165886124', 'satyanarayanchoudhary086@gmail.com', NULL, '2023-09-05 11:23:13', '2023-09-05 11:23:13', 0, NULL),
(291, 'RATLAM', '17221', 'SANTOSH DIGITAL STUDIO', 'RAHUL GOYAL', 'SEMLIYA ROAD NAMLI', '9424529082', 'RAHULGOYALNAMLI@GMAIL.COM', NULL, '2023-09-05 11:23:13', '2023-09-05 11:23:13', 0, NULL),
(292, 'RATLAM', '17222', 'RAJ', 'RAKESH RAKESH SHARMA', 'GRAM SINDURKIYA TEHSIL JAORA DEST RATLAM', '9584916736', 'JAORAMAANEWS@GMAIL.COM', NULL, '2023-09-05 11:23:13', '2023-09-05 11:23:13', 0, NULL),
(293, 'RATLAM', '17223', 'L-51 RATNA PURI COLONY RATLAM 457001 (MP)', 'BHANWAR LAL MALVIYA', 'VILLEG - GHATALA POST-SEJAWATA RATLAM 457001 (MP)', '9300056791', 'MALVIYA.BHANWAR11@GMAIL.COM', NULL, '2023-09-05 11:23:13', '2023-09-05 11:23:13', 0, NULL),
(294, 'RATLAM', '17224', 'AARCHI COMMUNICATION', 'MAYANK SHUKLA', 'NEW BUS STAND SAILANA', '9827733347', 'MAYANKSHUKLA434@GMAIL.COM', NULL, '2023-09-05 11:23:13', '2023-09-05 11:23:13', 0, NULL),
(295, 'RATLAM', '17225', 'VEER TEJAJI COMPUTER', 'SURENDRA JAT', '109 VILLAGE -POST -SAKRAWADA', '7693090878', 'GOLU4136@GMAIL.COM', NULL, '2023-09-05 11:23:13', '2023-09-05 11:23:13', 0, NULL),
(296, 'RATLAM', '17226', 'RANA PHOTO COPY AND STATIONARY', 'RAHUL RANA', 'GRAM POST RAJAPURA MATAJI', '9179240417', 'RAHULRANA841991@GMAIL.COM', NULL, '2023-09-05 11:23:13', '2023-09-05 11:23:13', 0, NULL),
(297, 'RATLAM', '17227', '7 STAR CONSULTANT', 'MOHD RIZWAN KHAN', '26, RAJENDRA PRASAD MARG, DO BATTI CHOURAH RATLAM', '9074336187', 'RIZZYKHAN68@GMAIL.COM', NULL, '2023-09-05 11:23:13', '2023-09-05 11:23:13', 0, NULL),
(298, 'RATLAM', '17228', 'ANU SHREE ONLINE CENTER', 'ANKUR SURANA', '45/2 LAXMI BAI ROAD NEAR COURT PARISAR OPP.UCO BANK JAORA M.P.', '9039035396', 'ANKURSURANA88@GMAIL.COM', NULL, '2023-09-05 11:23:13', '2023-09-05 11:23:13', 0, NULL),
(299, 'RATLAM', '17229', 'AVIKA ONLINE SERVICES', 'CHANDRA PAL SINGH DEVADA', 'OLD BUS STAND, NEAR MOGRA PARK, PIPLODA, TEHSIL-PIPLODA, DISTRICT -RATLAM', '8989514509', 'SIPPYSINGH1987@GMAIL.COM', NULL, '2023-09-05 11:23:13', '2023-09-05 11:23:13', 0, NULL),
(300, 'RATLAM', '17230', 'DEWDA PHOTO COPY CENTER', 'KAILASH DEVDA', 'SHIVGARH RATLAM RAOD SHIVGARH', '9691114473', 'KAILASHDEWDA711@GMAIL.COM', NULL, '2023-09-05 11:23:13', '2023-09-05 11:23:13', 0, NULL),
(301, 'RATLAM', '17231', 'POONAM MEDICAL STORE', 'PANKAJ SHAH PATIDAR', '489/1 GRAM POST KALALIYA TAHSIL JAORA JILA RATLAM', '9993273883', 'pankajshahpatidar@gmail.com', NULL, '2023-09-05 11:23:13', '2023-09-05 11:23:13', 0, NULL),
(302, 'RATLAM', '17232', 'PRATHMESH GRAPHICS', 'LEELA KUMAWAT', 'DR. DEVI SINGH COLONY, RATLAM (M.P.)', '9424049096', 'NAAVIIN4205@GMAIL.COM', NULL, '2023-09-05 11:23:13', '2023-09-05 11:23:13', 0, NULL),
(303, 'RATLAM', '17233', 'PRAKASH PHOTO COPY', 'KULDEEP MORYA', '9,DINDAYAL MARKET,COURT PARISAR JAORA', '8878664386', 'KMORYA76@GMAIL.COM', NULL, '2023-09-05 11:23:13', '2023-09-05 11:23:13', 0, NULL),
(304, 'RATLAM', '17234', 'SHREE JEE ONLINE', 'VIVEK BHATT', 'SHASTRI COLONY JAORA', '9424045485', 'VIVEK1234B@GMAIL.COM', NULL, '2023-09-05 11:23:13', '2023-09-05 11:23:13', 0, NULL),
(305, 'RATLAM', '17235', 'R. S. PANDYA INSTITUTIONS JAORA', 'DARSHAN PANDYA', '67, SHASTRI COLONY, JAORA, DIST. RATLAM, M.P.', '9098036012', 'DARSHAN.2100@GMAIL.COM', NULL, '2023-09-05 11:23:13', '2023-09-05 11:23:13', 0, NULL),
(306, 'RATLAM', '17236', 'NET GURU', 'DEVENDRA SHARMA', 'WARD NO. 15 NAI AABADI, SAILANA ROAD , PIPLODA, DIST. RATLAM, M.P.', '9981290627', 'DEV.SHARMA15790@GMAIL.COM', NULL, '2023-09-05 11:23:13', '2023-09-05 11:23:13', 0, NULL),
(307, 'RATLAM', '17237', 'MSP MOBILE AND PHOTOSHOP', 'SHYAM LAL PATIDAR', 'MEN ROAD BARKHEDA KALAN,TEH.-ALOT, DIST-RATLAM M.P 457114', '9630452331', 'SHYAMABPATIDAR@GMAIL.COM', NULL, '2023-09-05 11:23:13', '2023-09-05 11:23:13', 0, NULL),
(308, 'RATLAM', '17238', 'NISHTHA ENTERPRISES', 'SATTAR ALI ALI MANSURI', 'SHOP NO.11 GOSHALA ROAD RATLAM 457001', '9827506373', 'sattar.ali@rediffmail.com', NULL, '2023-09-05 11:23:13', '2023-09-05 11:23:13', 0, NULL),
(309, 'RATLAM', '17239', 'RUDRA INFOTECH', 'DEEPAK KUMAWAT', '335 BAGHEL MARKET INDIRA NAGAR RATLAM', '9165853339', 'DPKKMWT23@GMAIL.COM', NULL, '2023-09-05 11:23:13', '2023-09-05 11:23:13', 0, NULL),
(310, 'RATLAM', '17240', 'SHARMA COMPUTER AND MOBILE RE-PAIRING', 'DEEPAK KUMAR SHARMA', '133, TEJA NAGAR GALI NO. 3 BLOCK NO. 2 RATLAM (M.P.)', '9589545634', 'DEEPAKSHARMA632@ROCKETMAIL.COM', NULL, '2023-09-05 11:23:13', '2023-09-05 11:23:13', 0, NULL),
(311, 'RATLAM', '17241', 'PATHAK MOBILE', 'DEEPAK PATHAK', '467, VILLAGE BILPANK DIST.RATLAM', '8962999333', 'DEEPPATHAK88@GMAIL.COM', NULL, '2023-09-05 11:23:13', '2023-09-05 11:23:13', 0, NULL),
(312, 'RATLAM', '17242', 'SOFT LINE COMPUTER CENTER', 'AHMED ALI KHAN', '52/1 NAZAR BAG, NEAR GULAR WALI MASZID, SABJI MANDI ROAD JAORA DIST RATLAM, MADHYA PRADESH 457226', '9893722969', 'ALIKHANJAORA@GMAIL.COM', NULL, '2023-09-05 11:23:13', '2023-09-05 11:23:13', 0, NULL),
(313, 'RATLAM', '17243', 'SURENDRA FOTOCOPY', 'ROHIT KHAROL', 'PREMILAGANJ WARD NO.13 STATION ROAD NEAR TO VISHRAM GARH', '9977660136', 'rohitgunera1995@gmail.com', NULL, '2023-09-05 11:23:13', '2023-09-05 11:23:13', 0, NULL),
(314, 'RATLAM', '17244', 'COMPUTER CORNER', 'ASHISH SHRIVASTAVA', '04, GULAB MARKET, SAILANA ROAD, NEAR STATE BANK OF INDIA, RATLAM', '7566618615', 'ASHISH_SHRIVASTAVA18@YAHOO.COM', NULL, '2023-09-05 11:23:13', '2023-09-05 11:23:13', 0, NULL),
(315, 'RATLAM', '17245', 'PAWAN TELECOM', 'ARUN PANCHAL', 'GOUSHALA ROAD RATLAM', '9074587886', 'ARUNPANCHAL1993@GMAIL.COM', NULL, '2023-09-05 11:23:13', '2023-09-05 11:23:13', 0, NULL),
(316, 'RATLAM', '17246', 'TANISHQ COMPUTER', 'TARUNLATA GEHLOT', '9,AADARSH NAGAR NEAR SHAKTI NAGAR ,RATLAM', '7746947733', 'VAISHALI31GEHLOT@GMAIL.COM', NULL, '2023-09-05 11:23:13', '2023-09-05 11:23:13', 0, NULL),
(317, 'RATLAM', '17247', 'SAMRIDDHI FINANCE', 'SANTOSH PORWAL', '18 PALACE ROAD', '9827439399', 'SANTOSHPORWAL@YAHOO.COM', NULL, '2023-09-05 11:23:13', '2023-09-05 11:23:13', 0, NULL),
(318, 'RATLAM', '17248', 'NARMADA ONLINE SERVICE', 'POONAM PATIDAR', 'BAMBORI', '9755213775', 'HEERAPATIDAR9@GMAIL.COM', NULL, '2023-09-05 11:23:13', '2023-09-05 11:23:13', 0, NULL),
(319, 'RATLAM', '17249', 'APNA CSC', 'JAGDEESH DHAKAD', 'RIYAWAN', '9893591453', 'JDHAKAD1988@GMAIL.COM', NULL, '2023-09-05 11:23:13', '2023-09-05 11:23:13', 0, NULL),
(320, 'RATLAM', '17250', 'PATIDAR CENTER', 'JITENDRA PATIDAR', 'RAHIGAON, MAWTA ROAD', '9009318563', 'JITENDRAPATIDAR456@GMAIL.COM', NULL, '2023-09-05 11:23:13', '2023-09-05 11:23:13', 0, NULL),
(321, 'RATLAM', '17251', 'MAA UMIYA TRADERS', 'ASHUTOSH PATIDAR', 'M-01 DINDAYAL NAGAR MAIN ROAD RATLAM', '9907721613', 'JITASHU182@GMAIL.COM', NULL, '2023-09-05 11:23:13', '2023-09-05 11:23:13', 0, NULL),
(322, 'RATLAM', '17252', 'KATARIA ENTERPRISES', 'MAYUR KATARIA', '80, KATARIA PLAZA OPPOSITE LOKENDRA TALKIES RATLAM', '9977772182', 'KI238400@GMAIL.COM', NULL, '2023-09-05 11:23:13', '2023-09-05 11:23:13', 0, NULL),
(323, 'RATLAM', '17253', 'NIRMAL COMPUTER AND CYBER CAFE', 'MANOJ MEENA', '117, SHAKTI NAGAR NEAR SITLA MATA MANDIR RATLAM', '8269358748', 'meenamanoj25@yahoo.com', NULL, '2023-09-05 11:23:13', '2023-09-05 11:23:13', 0, NULL),
(324, 'RATLAM', '17254', 'SHREE SAI COPUTERS', 'DHARMENDRA VAIRATI', '14 MALI KUA RATLAM', '8103291344', 'DHARMENDRAVAIRATI2882@REDIFMAIL.COM', NULL, '2023-09-05 11:23:13', '2023-09-05 11:23:13', 0, NULL),
(325, 'RATLAM', '17255', 'JAY JINENDRA COMPUTER AND PHOTOCOPY', 'SHARAD JAIN', '27, PALACE ROAD', '9630043707', 'SHARADNEETA.JAIN@GMAIL.COM', NULL, '2023-09-05 11:23:13', '2023-09-05 11:23:13', 0, NULL),
(326, 'RATLAM', '17256', 'NEW FAMUS MOBIEL SHOP', 'ASLAM ALI KHILCHI', 'VILL. BUS STAND MALVASA', '9754220770', 'ASLAMALI803@GMAIL.COM', NULL, '2023-09-05 11:23:13', '2023-09-05 11:23:13', 0, NULL),
(327, 'RATLAM', '17257', 'SHIVAM COMPUTER CENTER', 'RAHUL PATIDAR', '238,VILLAGE-AMBA(RATLAM)', '8085391129', 'RAHULPATIDAR186@GMAIL.COM', NULL, '2023-09-05 11:23:13', '2023-09-05 11:23:13', 0, NULL),
(328, 'RATLAM', '17258', 'MITESH ONLINE', 'MANGILAL DINDOR', 'INDRA COLONY RAOTI DIST RATLAM', '9907385471', 'MANGILAL.DINDOR@YAHOO.COM', NULL, '2023-09-05 11:23:13', '2023-09-05 11:23:13', 0, NULL),
(329, 'RATLAM', '17259', '7 RAJENDRA NAGAR RATLAM', 'JAYANT CHAWLA', '7 RAJENDRA NAGAR RATLAM', '9407108603', 'JCCHAWLA225@GMAIL.COM', NULL, '2023-09-05 11:23:13', '2023-09-05 11:23:13', 0, NULL),
(330, 'RATLAM', '17260', 'SHRI RAM GENRAL STORE', 'RAMKISHAN SHARMA', '44 UMARTHANA RATLAM', '9644752975', 'RAMKISHAN8149@GMAIL.COM', NULL, '2023-09-05 11:23:13', '2023-09-05 11:23:13', 0, NULL),
(331, 'RATLAM', '17261', 'PAWAN SHREE PHOTO STUDIO', 'BHARAT LAL RATHOD', 'BAS STAND DHARAD', '9424529327', 'RATHODB037@GMAIL.COM', NULL, '2023-09-05 11:23:13', '2023-09-05 11:23:13', 0, NULL),
(332, 'RATLAM', '17262', 'PADLIYA', 'ASHOK KUMAR PADLIYA', '570 KASTURBA NAGAR ROAD NO 08', '9425927087', 'ashokpadliya@gmail.com', NULL, '2023-09-05 11:23:13', '2023-09-05 11:23:13', 0, NULL),
(333, 'RATLAM', '17263', 'KAVYA MPONLINE SYSTEM', 'RAJULAL PATIDAR PATIDAR', 'ROLA', '9993213419', 'RAJULAL90@GMAIL.COM', NULL, '2023-09-05 11:23:13', '2023-09-05 11:23:13', 0, NULL),
(334, 'RATLAM', '17264', 'CSC HEMTI', 'ANIL PARIHAR', 'CSC HEMTI', '9993165507', 'ANILPARIHAR19@GMAIL.COM', NULL, '2023-09-05 11:23:13', '2023-09-05 11:23:13', 0, NULL),
(335, 'RATLAM', '17265', 'PALDUNA', 'SHRAWAN KUMAR RATHOD', 'PALDUNA', '8889498270', 'SHRAWANRATHOD20@GMAIL.COM', NULL, '2023-09-05 11:23:13', '2023-09-05 11:23:13', 0, NULL),
(336, 'RATLAM', '17266', 'BALAJI COMPUTERS', 'YOGENDRA CHOUHAN', 'SHOP NO. 1, NEAR SULABH COMPLEX, STATION ROAD', '9644385215', 'BALAJICOMPUTERSORXEROX@GMAIL.COM', NULL, '2023-09-05 11:23:13', '2023-09-05 11:23:13', 0, NULL),
(337, 'RATLAM', '17267', 'SAIRAM COMPUTER CENTER', 'BHARAT RATHORE', 'BUS STAND DHAMNOD', '9039372298', 'RAHUL9189PARMAR@GMAIL.COM', NULL, '2023-09-05 11:23:13', '2023-09-05 11:23:13', 0, NULL),
(338, 'RATLAM', '17268', 'SAMADHAN COMPUTERS', 'AJAY SOLANKI', 'RAILWAY STATION ROAD. NEAR BALAJI TEMPAL NAMLI', '9827521416', 'SAMADHANCOMPUTERMP@GMAIL.COM', NULL, '2023-09-05 11:23:13', '2023-09-05 11:23:13', 0, NULL),
(339, 'RATLAM', '17269', 'ADITYA STATIONARY AND GENRAL STORES', 'VAGESH KUMAR PUROHIT', '4, KOTHARI WAS RATLAM', '7415131976', 'PVAGESH@YAHOO.IN', NULL, '2023-09-05 11:23:13', '2023-09-05 11:23:13', 0, NULL),
(340, 'RATLAM', '17270', 'KIOSK SENTAR', 'VISHAL JAIN', 'HATNARA', '9754085855', 'VISHALJAIN5758@GMAIL.COM', NULL, '2023-09-05 11:23:13', '2023-09-05 11:23:13', 0, NULL),
(341, 'RATLAM', '17271', 'VANSHIKA COMPUTERS AND CYBER POINT', 'VIJAY BAHADOOR RATHORE', '2 INDRALOK NAGAR MAIN ROAD', '9893857764', 'KABEER_VJ8@REDIFFMAIL.COM', NULL, '2023-09-05 11:23:13', '2023-09-05 11:23:13', 0, NULL),
(342, 'RATLAM', '17272', 'VESHANDAV COLONY SILANA', 'SHUBHAM SOLANKI', 'VESHADAV COLONY SILANA', '9098904009', 'SHUBHAMSOLANKI.SS10@GMAIL.COM', NULL, '2023-09-05 11:23:13', '2023-09-05 11:23:13', 0, NULL),
(343, 'RATLAM', '17273', 'RONAK MOBILE COMPUTERS', 'RONAK SONI', 'NEW MARKET ALOTE', '9893606868', 'RONAK.SONI25@GMAIL.COM', NULL, '2023-09-05 11:23:13', '2023-09-05 11:23:13', 0, NULL),
(344, 'RATLAM', '17274', 'SRASHTI', 'KAPIL AGRAWAL AGRAWAL', '151, STATION ROAD RATLAM (M.P)', '9425978345', 'SRASHTI345@GMAIL.COM', NULL, '2023-09-05 11:23:13', '2023-09-05 11:23:13', 0, NULL),
(345, 'RATLAM', '17275', 'KING TRAVELS', 'JAVED SHEIKH', '54 FREEGANJ RATLAM', '9806362462', 'KINGKHAN7295@GMAIL.COM', NULL, '2023-09-05 11:23:13', '2023-09-05 11:23:13', 0, NULL),
(346, 'RATLAM', '17276', 'NAGRAJ PHOTO COPY JAORA', 'DEEPAK KUMAR BAIRAGI', 'NAGRAJ PHOTO COPY JAORA', '9981270100', 'NAGRAJPHOTOCOPY25@GMAIL.COM', NULL, '2023-09-05 11:23:13', '2023-09-05 11:23:13', 0, NULL),
(347, 'RATLAM', '17277', 'DHAKAD', 'DEEPAK DHAKAD', 'SHERPUR KHURD', '8889130057', 'DKDHAKAD21@GMAIL.COM', NULL, '2023-09-05 11:23:13', '2023-09-05 11:23:13', 0, NULL),
(348, 'RATLAM', '17278', 'SHRI NAGNECHAY SHOP JAORA', 'SUKHPAL SINGH RATHORE', '92/03 LAXMIBAI ROAD JAORA CORT PARISAR', '9165343199', 'WOWSPWOW143@GMAIL.COM', NULL, '2023-09-05 11:23:13', '2023-09-05 11:23:13', 0, NULL),
(349, 'RATLAM', '17279', 'SHREE SADGURU KRAPA MOBAIL AND PHOTO STUDIYO', 'YOGESH BAIRAGI', 'SADAR BAZAR RAWTI', '8827572526', 'YBAIRAGI74@GMAIL.COM', NULL, '2023-09-05 11:23:13', '2023-09-05 11:23:13', 0, NULL),
(350, 'RATLAM', '17280', 'MAA GAYATRI CONSTRUCTION', 'RAVI KUMAR CHOUHAN', 'RAVI KUMAR CHOUHAN 182-1 RAJEEV NAGAR NEAR INDRALOK NAGAR RATLAM M.P.', '9770482726', 'MEETCHOUHAN14586@GMAIL.COM', NULL, '2023-09-05 11:23:13', '2023-09-05 11:23:13', 0, NULL),
(351, 'RATLAM', '17281', 'NEW STAR COMPUTER ALOTE', 'NARENDRA KAMRIYA', 'RUKMANI GANJ ALOTE DIS-RATLAM', '9826450823', 'NARENDRAKAMRIYA@GMAIL.COM', NULL, '2023-09-05 11:23:13', '2023-09-05 11:23:13', 0, NULL),
(352, 'RATLAM', '17282', '177/1 NEHRU MARGH SAILANA', 'ANSHUL PATEL', '177/1 NEHRU MARGH SAILANA', '9993455407', 'ANSHUL_1988PATEL@YAHOO.IN', NULL, '2023-09-05 11:23:13', '2023-09-05 11:23:13', 0, NULL),
(353, 'RATLAM', '17283', '36 STADIUM MARKET SAB JI MARKET RATLAM', 'PRITI MALPANI', '122/2 SAILANA BUS STAND RAJ BAI KEE ZEEN RATLAM', '9425927474', 'PRITIMALPANI1980@GMAIL.COM', NULL, '2023-09-05 11:23:13', '2023-09-05 11:23:13', 0, NULL),
(354, 'RATLAM', '17284', 'S.R INFOTECH', 'SHAHNAWAZ RANGREZ', 'BADA MALI PURA ,JAORA', '7869380051', 'shahnawazru@gamil.com', NULL, '2023-09-05 11:23:13', '2023-09-05 11:23:13', 0, NULL),
(355, 'RATLAM', '17285', 'SHARMA STATIONERY AND GENRAL STORES', 'VIJENDRA SHARMA', '3 TAGORA COLONY ALKAPURI RATLAM', '7879690650', 'VIJENDRA781@GMAIL.COM', NULL, '2023-09-05 11:23:13', '2023-09-05 11:23:13', 0, NULL),
(356, 'RATLAM', '17286', 'DODIYA COMPUTER SENTAR', 'DEEPAK DODIYA', 'GRAM BILPANK THSHIL RATLAM DISHT RATLAM M.P.', '9630219299', 'dodiya.deepak@yahoo.com', NULL, '2023-09-05 11:23:13', '2023-09-05 11:23:13', 0, NULL),
(357, 'RATLAM', '17287', 'GARG PHOTO', 'BHAVESH GARG', '114 KARAMDI ROAD RATLAM', '9302222308', 'GARGBHAVESH6@GAMIL.COM', NULL, '2023-09-05 11:23:13', '2023-09-05 11:23:13', 0, NULL),
(358, 'RATLAM', '17288', 'DHAKAD COMPUTER DHODHAR', 'MANJU BAGGAD', 'DHAKAD COMPUTER, HAT ROAD DHODHAR', '9806858480', 'DHAKAD.EDU@GMAIL.COM', NULL, '2023-09-05 11:23:13', '2023-09-05 11:23:13', 0, NULL),
(359, 'RATLAM', '17289', 'SRI BALAJI COMPUTER', 'NITESH BHATI', '3 NAGAR PALIKA SHOP COURT PARISAR JAORA TOWN JAORA', '9893936233', 'NITESHBHATI10@GMAIL.COM', NULL, '2023-09-05 11:23:13', '2023-09-05 11:23:13', 0, NULL),
(360, 'RATLAM', '17290', 'POOJA TRADING COMPANY', 'JITENDRA CHOUDHARY', '83, GOSHALA ROAD RATLAM', '9907005636', 'JEETMALIK00@GMAIL.COM', NULL, '2023-09-05 11:23:13', '2023-09-05 11:23:13', 0, NULL),
(361, 'RATLAM', '17291', 'VINAYAK COMPUTER PIPLODA', 'SURESH PARVAT GOSWAMI', 'SAILANA ROAD WARD NO 14 PIPLODA DIST. RATLAM M.P.', '9893920253', 'SURESHGOSWAMI142@GMAIL.COM', NULL, '2023-09-05 11:23:13', '2023-09-05 11:23:13', 0, NULL),
(362, 'RATLAM', '17292', 'PATIDAR KIRANA STORE', 'PRAMOD KUMAR PATIDAR', 'MAKAN NO.254 WARD NO.01 TH.JAORA GRAM JHALWA POST JHALWA DIST,RATLAM(M.P.)', '7805016502', 'PKPJAORA@GMAIL.COM', NULL, '2023-09-05 11:23:13', '2023-09-05 11:23:13', 0, NULL),
(363, 'RATLAM', '17293', 'MAHAKAL TREDRS', 'SURESH CHOUDHARY', 'VILL-MUNDARI,POST-MUNDRI,DIS - RATLAM', '9977616611', 'DEEPAK.CHAUDHARY2828@YAHOO.COM', NULL, '2023-09-05 11:23:13', '2023-09-05 11:23:13', 0, NULL),
(364, 'RATLAM', '17294', 'TIRUPATI COMPUTER', 'GAURAV PORWAL', 'NEGRUN ROAD', '8109686217', 'ER.PORWALGAURAV@GMAIL.COM', NULL, '2023-09-05 11:23:13', '2023-09-05 11:23:13', 0, NULL),
(365, 'RATLAM', '17295', 'SADASHIVA COMPUTER', 'ANIL KUMAR SOLANKI', '14 RAMDWARA ROAD WARD NO 14 BADAWADA', '8109590678', 'SADASHIVACOMPUTER@GMAIL.COM', NULL, '2023-09-05 11:23:13', '2023-09-05 11:23:13', 0, NULL),
(366, 'RATLAM', '17296', 'BUS STEND TAL', 'GOPAL KRISHNA SHARMA', 'GOUSHALA MARG TAL', '9893953301', '245210sharma@gmail.com', NULL, '2023-09-05 11:23:13', '2023-09-05 11:23:13', 0, NULL),
(367, 'RATLAM', '17297', 'MAA DURGA GENRAL STORE', 'BHUPENDRA SINGH GOUR', 'TEACHER COLONY RAOTI DIST RATLAM M.P.', '7869058143', 'GOURTONY@GMAIL.COM', NULL, '2023-09-05 11:23:13', '2023-09-05 11:23:13', 0, NULL),
(368, 'RATLAM', '17298', 'SHAKLA ART AND REDIYAM', 'DILIP SHAKLA', '62 LAKKAD PITHA RSAGOD ROAD RATLAM', '9907701433', 'DURGA22426@GMAIL.COM', NULL, '2023-09-05 11:23:13', '2023-09-05 11:23:13', 0, NULL),
(369, 'RATLAM', '17299', 'MASCOT CYBER', 'HIMENDRA KUMAR GUJRATI', '8, MITU PLAZA DO BATTI RATLAM', '9691452049', 'GUJRATI22@GMAIL.COM', NULL, '2023-09-05 11:23:13', '2023-09-05 11:23:13', 0, NULL),
(370, 'RATLAM', '17300', 'DELTA INFOTECH', 'MOHAMMED WASEEM', 'LIG-3, SURAJ MARKET, SHOP NO. 3, INDRA NAGAR, RATLAM (M.P.) 457001', '9827504034', 'WASIMKHAN2786@GMAIL.COM', NULL, '2023-09-05 11:23:13', '2023-09-05 11:23:13', 0, NULL),
(371, 'RATLAM', '17301', 'BALAJI ONLINE RATLAM', 'SHAILENDRA SINGH PANWAR', '51 HATHIKHANA ROAD OPP.RATLAM VIKAS PRADHIKARAN RATLAM', '9907022207', 'BALAJIONLINERATLAM@GMAIL.COM', NULL, '2023-09-05 11:23:13', '2023-09-05 11:23:13', 0, NULL),
(372, 'RATLAM', '17302', 'JAISWAL INSTITUTE OF TECHNOLOGY', 'JITENDRA JAISWAL', '3 COLLAGE ROAD RATLAM', '9630843737', 'JITENDRAJAISWALG3@GMAIL.COM', NULL, '2023-09-05 11:23:13', '2023-09-05 11:23:13', 0, NULL),
(373, 'RATLAM', '17303', 'CYBER EMPIRE', 'AAKASH PATWA', '15 DUKAN NO 3, LALA GALI', '8223889887', 'cyber.empire@yahoo.com', NULL, '2023-09-05 11:23:13', '2023-09-05 11:23:13', 0, NULL),
(374, 'RATLAM', '17304', 'PORWAL COMPUTER', 'SUNIL KUMAR PORWAL', 'VILLAGE POST ASAWATI', '9165384228', 'PORWALSUNIL9@GMAIL.COM', NULL, '2023-09-05 11:23:13', '2023-09-05 11:23:13', 0, NULL),
(375, 'RATLAM', '17305', 'RAJESH TRADERS', 'RAJESH BATHAV', 'SHOP NO. 18,LOKANDRA BHAWAN ROAD STAIDUM MARKET RATLAM', '9827012734', 'RAJESHBATHAV@GMAIL.COM', NULL, '2023-09-05 11:23:13', '2023-09-05 11:23:13', 0, NULL),
(376, 'RATLAM', '17306', 'DHAKAD COMPUTER UPLAI', 'SHIVNARAYAN ATOLIYA', 'VILLAGE POST UPLAI', '8120721133', 'S.ATOLIYA1995@GMAIL.COM', NULL, '2023-09-05 11:23:13', '2023-09-05 11:23:13', 0, NULL),
(377, 'RATLAM', '17307', 'SBI KIOSK AND KALASHREE COMPUTER 94 MANI BHAVAN RAJGARH NAYAGAON RATLAM MP', 'MANISH BABU PARMAR', 'SBI KIOSK AND KALASHREE COMPUTER 94 MANI BHAVAN RAJGARH NAYAGAON RATLAM MP', '9907612232', 'NITUMANISH785@GMAIL.COM', NULL, '2023-09-05 11:23:14', '2023-09-05 11:23:14', 0, NULL),
(378, 'RATLAM', '17308', 'DIGITAL COMPUTER CENTER', 'REENA PATIDAR', 'MAIN ROAD SHIVPUR', '9977077567', 'KAMEDMPONLINE@GMAIL.COM', NULL, '2023-09-05 11:23:14', '2023-09-05 11:23:14', 0, NULL),
(379, 'RATLAM', '17309', 'BITS N BYTEZ CYBER CAFE AND COMPUTER SOLUTION', 'MOHIT BAROD', '35, INDRALOK NAGAR, MAIN ROAD, RATLAM', '7879497124', 'BITSBYTEZ87@GMAIL.COM', NULL, '2023-09-05 11:23:14', '2023-09-05 11:23:14', 0, NULL),
(380, 'RATLAM', '17310', 'GAYATRI TELECOM UPLAI', 'BABU LAL CHOUDHARY', '209 VILL UPLAI TEH JAORA DIST RATLAM MP', '9009345742', 'babulalc280@gmail.com', NULL, '2023-09-05 11:23:14', '2023-09-05 11:23:14', 0, NULL),
(381, 'RATLAM', '17311', 'LAKSHYA STUDIO', 'MAHESH KUMAR PRAJAPAT', 'MAKAN NO.221 WARD NO.4,POST SUKHEDA,RATLAM MADHYA PRADESH-457333', '8871481700', 'PRAJAPAT254@GMAIL.COM', NULL, '2023-09-05 11:23:14', '2023-09-05 11:23:14', 0, NULL),
(382, 'RATLAM', '17312', 'BRILLIANT COMPUTER EDUCATION', 'NAGESHWAR PATIDAR', 'CHOUPATI ROAD, FRANT OF OIL MILLS, 3FLOOR GOUR PLAZA JAORA', '9589430302', 'BCEROJANA@GMAIL.COM', NULL, '2023-09-05 11:23:14', '2023-09-05 11:23:14', 0, NULL),
(383, 'RATLAM', '17313', 'SHREE NATH COMPUTER KALUKHEDA', 'PAWAN NATH RATHORE', 'VILLAGE POST KALUKHEDA', '9893691525', 'pawannath525@gmail.com', NULL, '2023-09-05 11:23:14', '2023-09-05 11:23:14', 0, NULL),
(384, 'RATLAM', '17314', 'JAY ASHAPURA ONLINE', 'JEEWAN DODIYA', 'SEMLIYA', '9424049463', 'MAHESHRATHOR@GMAIL.COM', NULL, '2023-09-05 11:23:14', '2023-09-05 11:23:14', 0, NULL),
(385, 'RATLAM', '17315', 'SAAWARIYA ONLINE', 'BABULAL MALI', 'MALI MOHALA RAOTI', '8827954134', 'MBABALU547@GMAIL.COM', NULL, '2023-09-05 11:23:14', '2023-09-05 11:23:14', 0, NULL),
(386, 'RATLAM', '17316', 'MAA YASHODA INFOTECH', 'KANHAIYA LAL PATIDAR', '72,LAXMI BAI WARD NO. 9 KASBA BADAWADA', '9907332415', 'KANHAIYAPATIDAR141@GAMIL.COM', NULL, '2023-09-05 11:23:14', '2023-09-05 11:23:14', 0, NULL),
(387, 'RATLAM', '17317', 'PRKHAR MASTER MIND', 'KRISHNAPAL SONGARA', 'VILLAGE N POST BHATIBADODIYA', '9827570383', 'KPSONGARA111@GMAIL.COM', NULL, '2023-09-05 11:23:14', '2023-09-05 11:23:14', 0, NULL),
(388, 'RATLAM', '17318', 'GRK INFOTECH', 'GULREZ KHAN', '4/1, BASANT COLONY , UKALA ROAD, NEAR WINNERS ACADEMY SCHOOL RATLAM', '9691196961', 'GULREZKHAN27@GMAIL.COM', NULL, '2023-09-05 11:23:14', '2023-09-05 11:23:14', 0, NULL),
(389, 'RATLAM', '17319', 'KHANDELWAL AND ASSOCIATES', 'NAVEEN KUMAR RAWAT', '32 NAHAR PURA RATLAM', '9425103781', 'CACBRAWAT@GMAIL.COM', NULL, '2023-09-05 11:23:14', '2023-09-05 11:23:14', 0, NULL),
(390, 'RATLAM', '17320', 'MAA AASHAPURA INFOTECH', 'HARSHPAL SINGH', '16/1, DEVI SINGH COLONY, RATLAM', '9074257906', 'CHOUHANHARSHPALSINGH@GMAIL.COM', NULL, '2023-09-05 11:23:14', '2023-09-05 11:23:14', 0, NULL),
(391, 'RATLAM', '17321', 'CHANCHAL PRITING ROJANA', 'GOPAL PATIDAR', 'GONDI CHORAYA 256,GRAM ROJANA', '9981044751', 'GOPALPATIDAR500@GMAIL.COM', NULL, '2023-09-05 11:23:14', '2023-09-05 11:23:14', 0, NULL),
(392, 'RATLAM', '17322', 'SANJAY PHOTO COPY', 'SANJAY DABEE', 'HOUSE NO.51 GRAM PANCHAYT DELWAS POST KHARWA KALA', '9617675385', 'SANJAYDABEE@YAHOO.COM', NULL, '2023-09-05 11:23:14', '2023-09-05 11:23:14', 0, NULL),
(393, 'RATLAM', '17323', 'SAINI SHREE GRAPHICS', 'VISHNU SAINI', 'SAINI SHREE GRAPHICS, DINDAYAL MARKET, COURT PARISAR, JAORA DISTT. RATLAM (M.P.)', '9827508011', 'VISHNUSAINI81@GMAIL.COM', NULL, '2023-09-05 11:23:14', '2023-09-05 11:23:14', 0, NULL),
(394, 'RATLAM', '17324', 'JAIN E TICKET', 'JITENDRA JAIN', '37 NEEM CHOWK RATLAM', '9301867997', 'JITENDRAJAIN0011@GMAIL.COM', NULL, '2023-09-05 11:23:14', '2023-09-05 11:23:14', 0, NULL),
(395, 'RATLAM', '17325', 'SHANTI BOOK CENTRE', 'RENU SINGH', 'H.N,12 DEVRA DEV NARAYAN NAGAR, RATLAM (M.P.)', '9425356406', 'renusingh3660@gmail.com', NULL, '2023-09-05 11:23:14', '2023-09-05 11:23:14', 0, NULL),
(396, 'RATLAM', '17326', 'DHAKAD COMPUTER', 'LOKESH DHAKAD', 'WARD NO.-9 SADAKHEDI TEH.-JAORA DIST.-RATLAM PIN COAD NO.-457226', '9685152332', 'LOKESHDHAKAD72@GMAIL.COM', NULL, '2023-09-05 11:23:14', '2023-09-05 11:23:14', 0, NULL),
(397, 'RATLAM', '17327', 'HADA STATIONARY HARDWARE', 'RAKESH HADA', 'BHATIBADODIYA ROAD DHARAD', '9893622728', 'MR.RAKESHHADA@GMAIL.COM', NULL, '2023-09-05 11:23:14', '2023-09-05 11:23:14', 0, NULL),
(398, 'RATLAM', '17328', 'KAMLESH COMPUTER', 'KAMLESH PATIDAR', 'PANCHEVA', '9827648009', 'ASOKMARKAM@GMAIL.COM', NULL, '2023-09-05 11:23:14', '2023-09-05 11:23:14', 0, NULL),
(399, 'RATLAM', '17329', 'MAA COMPUTER', 'CHAIN SINGH DANGI', 'GURUKHEDI TAL', '7898244501', 'KSMLESSEN130@GMAIL.COM', NULL, '2023-09-05 11:23:14', '2023-09-05 11:23:14', 0, NULL),
(400, 'RATLAM', '17330', 'BDS KIYOSK', 'BHURSINGH GAMAD', 'NEAR RELIANCE PETROL PUMP NAYAN ROAD RAWTI DIST RATLAM', '9630178775', 'BHURSINGH001GAMAD@GMAIL.COM', NULL, '2023-09-05 11:23:14', '2023-09-05 11:23:14', 0, NULL),
(401, 'RATLAM', '17331', 'SHREE GURUKRIPA RECHARGE CENTER', 'MADHURI SARASWAT', '85, FREEGANJ MAIN ROAD, RATLAM', '9893714092', 'SARASWATK2@GMAIL.COM', NULL, '2023-09-05 11:23:14', '2023-09-05 11:23:14', 0, NULL),
(402, 'RATLAM', '17332', 'SONI TYPEING CENTER', 'AMIT SONI', 'WARD NO 13 MAKAN NO.28 PIPLI BAZAR TH,JAORA DIST RATLAM (M.P.)', '9827582503', 'AMITSONI0246@GMAIL.COM', NULL, '2023-09-05 11:23:14', '2023-09-05 11:23:14', 0, NULL),
(403, 'RATLAM', '17333', 'KALPESH COMPUTER', 'SHYAM SUNDAR PATIDAR', 'VILL KALALIYA TEH JOARA DIST RATLAM', '9754144673', 'NAVEENASHUPATIDAR@GMAIL.COM', NULL, '2023-09-05 11:23:14', '2023-09-05 11:23:14', 0, NULL),
(404, 'RATLAM', '17334', 'RTHORE ON LINE SURVICE', 'DEEPAK KUMAR RATHORE', 'SHIVAJI MARG TAL', '8109567810', 'DEEPAKRATHOD543@GMAIL.COM', NULL, '2023-09-05 11:23:14', '2023-09-05 11:23:14', 0, NULL),
(405, 'RATLAM', '17335', 'AANCHAL ENTERPRISES', 'DEEPMALA RITESH PATWA', '34/1 BAJANA BUS STAND MAIN ROAD, OPP- JAGDISH BHAWAN, RATLAM', '9589608565', 'RITESH03011978@GMAIL.COM', NULL, '2023-09-05 11:23:14', '2023-09-05 11:23:14', 0, NULL),
(406, 'RATLAM', '17336', 'MAURYA COMPUTER', 'INDRESH KUMAR MAURYA', '39/2, RAMANUJ KOOT, JAWAHAR PATH, JAORA', '9826022496', 'INDRESH9683@REDIFFMAIL.COM', NULL, '2023-09-05 11:23:14', '2023-09-05 11:23:14', 0, NULL),
(407, 'RATLAM', '17337', 'SONU STATIONARY COMPUTER CENTER PIPLODA', 'ABRAR UDDIN QURESHI', '22, JAORA ROAD WARD NO.12 PIPLODA', '9669662424', 'IUSHEKH@GMAIL.COM', NULL, '2023-09-05 11:23:14', '2023-09-05 11:23:14', 0, NULL),
(408, 'RATLAM', '17338', 'RAJENDRA ENTERPRISES', 'RAJENDRA KASERA', '9, COLLEGE ROAD, OPP GOVT ARTS AND SCIENCE COLLEGE RATLAM', '9993975002', 'ALTECH.RTM@GMAIL.COM', NULL, '2023-09-05 11:23:14', '2023-09-05 11:23:14', 0, NULL),
(409, 'RATLAM', '17339', 'BRIGHT COMPUTER', 'NAMRATA SINGH SISODIYA', 'PIPLI CHOWK,SHIVGARH', '9770260078', 'NAMS.6895@GMAIL.COM', NULL, '2023-09-05 11:23:14', '2023-09-05 11:23:14', 0, NULL),
(410, 'RATLAM', '17340', 'RAJVEER COMPUTRONICS', 'RAVIRAJ SERONIY', '38 TILAK NAGAR JAORA', '8982222097', 'RAVIRAJSERONIYA@GMAIL.COM', NULL, '2023-09-05 11:23:14', '2023-09-05 11:23:14', 0, NULL),
(411, 'RATLAM', '17341', 'BALA JI MOBILE AND PHOTOCOPY', 'NARENDRA PATIDAR', 'S/O RAMESHCHANDRA MAKAN NO.347 WARD NO.14 GRAM SOHANGARH POST UPARWADA TH.JAORA DISTT,RATLAM(M.P.)', '8959451262', 'NARENDRAPATIDAR817@GMAIL.COM', NULL, '2023-09-05 11:23:14', '2023-09-05 11:23:14', 0, NULL),
(412, 'RATLAM', '17342', 'PATIDAR PHOTOCOPY RANIGAON', 'ASHOK LAL PATIDAR', 'S/O BAGDIRAM JI SCHOOL K SAMNE RANIGAON TH. PIPLODA DIST RATLAM(M.P.)', '9575292640', 'PATIDARASHOK205@GMAIL.COM', NULL, '2023-09-05 11:23:14', '2023-09-05 11:23:14', 0, NULL),
(413, 'RATLAM', '17343', 'KRISHNA COMPUTERS', 'ASHWIN VAISHNAV', '50/15, CHANDRA SHEKHAR WARD NO 15,BADAWADA', '9479840609', 'ASHWINVAISHNAV.ICS@GMAIL.COM', NULL, '2023-09-05 11:23:14', '2023-09-05 11:23:14', 0, NULL),
(414, 'RATLAM', '17344', 'KRISHNA COMPUTER', 'ANOKHILAL PARMAR', 'BHOI MOHALLA POST- SUKHEDA TEH- PIPLODA DIST- RATLAM(MP)', '9981114533', 'AP989704@GMAIL.COM', NULL, '2023-09-05 11:23:14', '2023-09-05 11:23:14', 0, NULL),
(415, 'RATLAM', '17345', 'RATNARAJ DISTRIBUTERS', 'CHIRAG CHHAJED', 'H.NO.24,GANDHI COLONY,WARD NO.29,IN FRONT OF JAIN MANDIR,CHOUPATI ROAD,JAORA', '9039143777', 'APNACSCJAORA@GMAIL.COM', NULL, '2023-09-05 11:23:14', '2023-09-05 11:23:14', 0, NULL),
(416, 'RATLAM', '17346', 'PATIDAR COMPUETR CENTER JAORA', 'VIJAY PATIDAR', '28 A CIVIAL LINE SASTRI COLONY JAORA', '9575014949', 'VIJAYPATIDAR1501@GMAIL.COM', NULL, '2023-09-05 11:23:14', '2023-09-05 11:23:14', 0, NULL),
(417, 'RATLAM', '17347', 'PRIYA PHOTO STUDIO AND PHOTOCOPY', 'JITENDRA BHAWSAR', 'VILLAGE RINGNOD TEHSIL JAORA DIST RATLAM', '9893913180', 'JEETUBHAWSAR121@GMAIL.COM', NULL, '2023-09-05 11:23:14', '2023-09-05 11:23:14', 0, NULL),
(418, 'RATLAM', '17348', 'RACHIT ENTERPRISES', 'AMIT SHARMA', '45 SHASTRI NAGAR', '7898450400', 'rachitmponline@gmail.com', NULL, '2023-09-05 11:23:14', '2023-09-05 11:23:14', 0, NULL),
(419, 'RATLAM', '17349', 'MIPS COMPUTER CENTER ALOTE', 'YOGESH SHARMA', '11, ANAND SADAN RANIPURA ALOTE', '9893513124', 'YASH_SHARMA86@REDIFFMAIL.COM', NULL, '2023-09-05 11:23:14', '2023-09-05 11:23:14', 0, NULL),
(420, 'RATLAM', '17350', 'PATIDAR PHOTOCOPY CENTER', 'VINOD KUMAR PATIDAR', 'S/O NARSINGH PATIDAR GRAM RANIGAON TAH. PIPLODA DISTT,RATLAM (M.P.)', '9575527431', 'PATIDARV474@GMAIL.COM', NULL, '2023-09-05 11:23:14', '2023-09-05 11:23:14', 0, NULL),
(421, 'RATLAM', '17351', 'MP ONLINE SERVICES', 'RAJENDRA BHABHAR', 'A-83 VINOBA NAGAR RATLAM', '8109836296', 'BHABHAR.RAJENDRA@GMAIL.COM', NULL, '2023-09-05 11:23:14', '2023-09-05 11:23:14', 0, NULL),
(422, 'RATLAM', '17352', 'CHITRANSH COMPUTER CENTER', 'SHIVENDRA MATHUR', '58, SHASTRI COLONY', '9425845145', 'SHIVMATHUR22@GMAIL.COM', NULL, '2023-09-05 11:23:14', '2023-09-05 11:23:14', 0, NULL),
(423, 'RATLAM', '17353', 'SADAR BAZAR TEH TAL DIST.RATLAM M.P.', 'SHIV NARAYAN PARMAR', 'SADAR BAZAR TEH TAL DISST.RATLALM.P.', '8827390880', 'PSHIVPARMAR@GMAIL.COM', NULL, '2023-09-05 11:23:14', '2023-09-05 11:23:14', 0, NULL),
(424, 'RATLAM', '17354', 'DHAKAD COMPUTER MORIYA', 'YASHWANT DHAKAD', 'VILLAGE POST MORIYA', '9993330288', 'YASHWANTDHAKAD83@GMAIL.COM', NULL, '2023-09-05 11:23:14', '2023-09-05 11:23:14', 0, NULL),
(425, 'RATLAM', '17355', 'SHRI BALAJICOMPUTER DHODHAR', 'RAKESH PRAJAPATI', 'SHRI BALAJI COMPUTER DHODHAR', '9039392827', 'BALAJICOMPUTERDHODHAR@GMAIL.COM', NULL, '2023-09-05 11:23:14', '2023-09-05 11:23:14', 0, NULL),
(426, 'RATLAM', '17356', 'MAAHI DIGITAL STUDIO', 'GAURAV KUMAR MANDLECHA', 'STATION ROAD JAORA', '9826366786', 'MAHIJAINMAHI@GMAIL.COM', NULL, '2023-09-05 11:23:14', '2023-09-05 11:23:14', 0, NULL),
(427, 'RATLAM', '17357', '92,LAXMI BAI ROAD PICHLI BAJU RAJISTRAR OFFICE KE PAS, JAORA, DISTT RATLAM', 'ARPIT NANDECHA', '92,LAXMI BAI ROAD PICHLI BAJU RAJISTRAR OFFICE KE PAS, JAORA, DISTT RATLAM', '9993032201', 'ARPIT.NANDECHA@GMAIL.COM', NULL, '2023-09-05 11:23:14', '2023-09-05 11:23:14', 0, NULL),
(428, 'RATLAM', '17358', 'SHIVAM COMPUTER', 'ABHISHEK KUMAR SHRIVASTAVA', 'CHAKKI WALI GALI SHRIMALI VAS RATLAM', '9754101301', 'ABHISHEKSHRIVASTAVA55@GMAIL.COM', NULL, '2023-09-05 11:23:14', '2023-09-05 11:23:14', 0, NULL),
(429, 'RATLAM', '17359', 'SHREE STESHNARI BAJNA', 'PRAMILA PANWAR', '269 RAJPUT MOHALLA BAJNA TEH BAJNA', '9425424145', 'PANKAJPANWAR27@YAHOO.COM', NULL, '2023-09-05 11:23:14', '2023-09-05 11:23:14', 0, NULL),
(430, 'RATLAM', '17360', 'ARIHANT INSTITUTE OF COMPUTER TECHNOLOGY', 'PRATEEK KATARIYA', 'NEAR SATYANARAYAN MANDIR , SADAR BAZAR SAILANADIST.RATLAM', '9907599100', 'LUCKYJAIN760@GMAIL.COM', NULL, '2023-09-05 11:23:14', '2023-09-05 11:23:14', 0, NULL),
(431, 'RATLAM', '17361', 'PATIDAR PHOTOCOPY', 'RAM DAYAL PATIDAR', 'S/O SHIVNARAYAN PATIDAR MAKAN N45 WARD N03 TALIDANA TH.PIPLODA DISTT, RATLAM MADHYA PRADESH 457340', '9669557719', 'DAYALRAM279@GMAIL.COM', NULL, '2023-09-05 11:23:14', '2023-09-05 11:23:14', 0, NULL),
(432, 'RATLAM', '17362', 'MAA BANESHWARI COMPUTER', 'ANKIT SINGH SISODIYA', 'L-1 DONGARE NAGAR RATLAM', '9752349441', 'AKIMAHI2@GMAIL.COM', NULL, '2023-09-05 11:23:14', '2023-09-05 11:23:14', 0, NULL),
(433, 'RATLAM', '17363', 'VIJAY KIRANA AND GENERAL STOR', 'GHANSYAM PATIDAR', '57, VILLAGE RASULPURA POST MUNDLARAM', '9669254160', 'GHAN.PATIDAR@GMAIL.COM', NULL, '2023-09-05 11:23:14', '2023-09-05 11:23:14', 0, NULL),
(434, 'RATLAM', '17364', 'SAI COMPUTER EDUCATION CENTRE', 'MANOJ SHRIVASTAVA', 'A/13/B JAWAHAR NAGAR RATLAM', '9301013248', 'MANOJ.SHRIVASTAVA80@GMAIL.COM', NULL, '2023-09-05 11:23:14', '2023-09-05 11:23:14', 0, NULL),
(435, 'RATLAM', '17365', 'INDIRA CHANDELKAR', 'CHANDELKAR DIAGNOSTIC CENTER NA NA', '16 AND 17, KANTHED PARISAR, CIVIL HOSPITAL ROAD, JAORA', '9826062816', 'drilchandelkar@yahoo.co.in', NULL, '2023-09-05 11:23:14', '2023-09-05 11:23:14', 0, NULL),
(436, 'RATLAM', '17366', 'SAGAR STATIONARY', 'SIKANDAR MANSUREE', 'WARD NO. 7 MAWTA, MAWTA', '7869179528', 'SIKANDARMANSUREE.ADCOM@GMAIL.COM', NULL, '2023-09-05 11:23:14', '2023-09-05 11:23:14', 0, NULL),
(437, 'RATLAM', '17367', 'VINAYAK COMPUTER DABDIYA', 'SHUBHAM PATIDAR', '118 VILLAGE DABDIYA POST TALOD TEH ALOT DIST RATLAM', '9009324982', 'SHUBH8501@GMAIL.COM', NULL, '2023-09-05 11:23:14', '2023-09-05 11:23:14', 0, NULL),
(438, 'RATLAM', '17368', 'RISHABH SHRI MOBILE GALLERY', 'VISHAL KUMAWAT', '140/6 NEW ROAD RAM - MARKET, RATLAM', '9617040509', 'VISHAL.KUMAWAT28.VK@GMAIL.COM', NULL, '2023-09-05 11:23:14', '2023-09-05 11:23:14', 0, NULL),
(439, 'RATLAM', '17369', 'RAVI PHOTOCOPY CENTAR', 'RAVI KUMAR KARPENTAR', 'VILL.LUNERA DIST.RATLAM TEH.RATLAM MP', '9981701359', 'RAVILUNERA@GMAIL.COM', NULL, '2023-09-05 11:23:14', '2023-09-05 11:23:14', 0, NULL),
(440, 'RATLAM', '17370', 'PATIDAR KIRANA', 'VISHNU PATIDAR', 'PIPLIYA JODHA THESIL-JAORA DISST-RATLAM', '9669814770', 'GOSWAMIJITENDRA26@GMAIL.COM', NULL, '2023-09-05 11:23:14', '2023-09-05 11:23:14', 0, NULL),
(441, 'RATLAM', '17371', 'SHREE GANESH ENTERPRISES', 'DEEPAK MODI', '2, DALU MODI BAZAR, RATLAM', '7000905766', 'DEEPAKMODI07@GMAIL.COM', NULL, '2023-09-05 11:23:14', '2023-09-05 11:23:14', 0, NULL),
(442, 'RATLAM', '17372', 'LUCKY STATIONERY AND PHOTO COPY MOBILE RECHARGE', 'ANJUM BANO', 'STATION CIRCLE HANUMAN MANDIR KE SAMNE JAORA', '8962733354', 'SHMANSURI86@GMAIL.COM', NULL, '2023-09-05 11:23:14', '2023-09-05 11:23:14', 0, NULL),
(443, 'RATLAM', '17373', 'KUSHAGRA DIGITAL PHOTO STUDIO', 'JEEVAN CHOUHAN', 'D-19, KOMAL NAGAR, NAYA GAON, MAIN ROAD, RATLAM', '9098468697', 'JEECHOUHAN123@GMAIL.COM', NULL, '2023-09-05 11:23:14', '2023-09-05 11:23:14', 0, NULL);

-- --------------------------------------------------------

--
-- Table structure for table `migrations`
--

CREATE TABLE `migrations` (
  `id` int(10) UNSIGNED NOT NULL,
  `migration` varchar(255) COLLATE utf8mb4_unicode_ci NOT NULL,
  `batch` int(11) NOT NULL
) ENGINE=InnoDB DEFAULT CHARSET=utf8mb4 COLLATE=utf8mb4_unicode_ci;

--
-- Dumping data for table `migrations`
--

INSERT INTO `migrations` (`id`, `migration`, `batch`) VALUES
(1, '2014_10_12_000000_create_users_table', 1),
(2, '2014_10_12_100000_create_password_resets_table', 1),
(3, '2019_08_19_000000_create_failed_jobs_table', 1),
(4, '2019_12_14_000001_create_personal_access_tokens_table', 1),
(5, '2022_01_12_173356_create_permission_tables', 1),
(6, '2023_08_31_071137_create__file_data_table', 2),
(7, '2023_08_31_082255_create_file_data_table', 3),
(8, '2023_08_31_095016_create_file_datas_table', 4),
(9, '2023_08_31_103644_create_file_datas_table', 5),
(10, '2023_09_01_042039_create_file_datas_table', 6),
(11, '2023_09_08_054916_create_dropdown_tbls_table', 7);

-- --------------------------------------------------------

--
-- Table structure for table `model_has_permissions`
--

CREATE TABLE `model_has_permissions` (
  `permission_id` bigint(20) UNSIGNED NOT NULL,
  `model_type` varchar(255) COLLATE utf8mb4_unicode_ci NOT NULL,
  `model_id` bigint(20) UNSIGNED NOT NULL
) ENGINE=InnoDB DEFAULT CHARSET=utf8mb4 COLLATE=utf8mb4_unicode_ci;

-- --------------------------------------------------------

--
-- Table structure for table `model_has_roles`
--

CREATE TABLE `model_has_roles` (
  `role_id` bigint(20) UNSIGNED NOT NULL,
  `model_type` varchar(255) COLLATE utf8mb4_unicode_ci NOT NULL,
  `model_id` bigint(20) UNSIGNED NOT NULL
) ENGINE=InnoDB DEFAULT CHARSET=utf8mb4 COLLATE=utf8mb4_unicode_ci;

--
-- Dumping data for table `model_has_roles`
--

INSERT INTO `model_has_roles` (`role_id`, `model_type`, `model_id`) VALUES
(1, 'App\\Models\\User', 1),
(2, 'App\\Models\\User', 2),
(2, 'App\\Models\\User', 3),
(2, 'App\\Models\\User', 4),
(2, 'App\\Models\\User', 5),
(2, 'App\\Models\\User', 6),
(2, 'App\\Models\\User', 7),
(2, 'App\\Models\\User', 8),
(2, 'App\\Models\\User', 19),
(2, 'App\\Models\\User', 20),
(2, 'App\\Models\\User', 21),
(2, 'App\\Models\\User', 22),
(2, 'App\\Models\\User', 26),
(2, 'App\\Models\\User', 27),
(2, 'App\\Models\\User', 28);

-- --------------------------------------------------------

--
-- Table structure for table `password_resets`
--

CREATE TABLE `password_resets` (
  `email` varchar(255) COLLATE utf8mb4_unicode_ci NOT NULL,
  `token` varchar(255) COLLATE utf8mb4_unicode_ci NOT NULL,
  `created_at` timestamp NULL DEFAULT NULL
) ENGINE=InnoDB DEFAULT CHARSET=utf8mb4 COLLATE=utf8mb4_unicode_ci;

-- --------------------------------------------------------

--
-- Table structure for table `permissions`
--

CREATE TABLE `permissions` (
  `id` bigint(20) UNSIGNED NOT NULL,
  `name` varchar(255) COLLATE utf8mb4_unicode_ci NOT NULL,
  `guard_name` varchar(255) COLLATE utf8mb4_unicode_ci NOT NULL,
  `created_at` timestamp NULL DEFAULT NULL,
  `updated_at` timestamp NULL DEFAULT NULL
) ENGINE=InnoDB DEFAULT CHARSET=utf8mb4 COLLATE=utf8mb4_unicode_ci;

--
-- Dumping data for table `permissions`
--

INSERT INTO `permissions` (`id`, `name`, `guard_name`, `created_at`, `updated_at`) VALUES
(1, 'user-list', 'web', '2023-08-30 07:14:21', '2023-08-30 07:14:21'),
(2, 'user-create', 'web', '2023-08-30 07:14:21', '2023-08-30 07:14:21'),
(3, 'user-edit', 'web', '2023-08-30 07:14:21', '2023-08-30 07:14:21'),
(4, 'user-delete', 'web', '2023-08-30 07:14:21', '2023-08-30 07:14:21'),
(5, 'role-create', 'web', '2023-08-30 07:14:21', '2023-08-30 07:14:21'),
(6, 'role-edit', 'web', '2023-08-30 07:14:21', '2023-08-30 07:14:21'),
(7, 'role-list', 'web', '2023-08-30 07:14:21', '2023-08-30 07:14:21'),
(8, 'role-delete', 'web', '2023-08-30 07:14:21', '2023-08-30 07:14:21'),
(9, 'permission-list', 'web', '2023-08-30 07:14:21', '2023-08-30 07:14:21'),
(10, 'permission-create', 'web', '2023-08-30 07:14:21', '2023-08-30 07:14:21'),
(11, 'permission-edit', 'web', '2023-08-30 07:14:21', '2023-08-30 07:14:21'),
(12, 'permission-delete', 'web', '2023-08-30 07:14:22', '2023-08-30 07:14:22');

-- --------------------------------------------------------

--
-- Table structure for table `personal_access_tokens`
--

CREATE TABLE `personal_access_tokens` (
  `id` bigint(20) UNSIGNED NOT NULL,
  `tokenable_type` varchar(255) COLLATE utf8mb4_unicode_ci NOT NULL,
  `tokenable_id` bigint(20) UNSIGNED NOT NULL,
  `name` varchar(255) COLLATE utf8mb4_unicode_ci NOT NULL,
  `token` varchar(64) COLLATE utf8mb4_unicode_ci NOT NULL,
  `abilities` text COLLATE utf8mb4_unicode_ci DEFAULT NULL,
  `last_used_at` timestamp NULL DEFAULT NULL,
  `created_at` timestamp NULL DEFAULT NULL,
  `updated_at` timestamp NULL DEFAULT NULL
) ENGINE=InnoDB DEFAULT CHARSET=utf8mb4 COLLATE=utf8mb4_unicode_ci;

-- --------------------------------------------------------

--
-- Table structure for table `roles`
--

CREATE TABLE `roles` (
  `id` bigint(20) UNSIGNED NOT NULL,
  `name` varchar(255) COLLATE utf8mb4_unicode_ci NOT NULL,
  `guard_name` varchar(255) COLLATE utf8mb4_unicode_ci NOT NULL,
  `created_at` timestamp NULL DEFAULT NULL,
  `updated_at` timestamp NULL DEFAULT NULL
) ENGINE=InnoDB DEFAULT CHARSET=utf8mb4 COLLATE=utf8mb4_unicode_ci;

--
-- Dumping data for table `roles`
--

INSERT INTO `roles` (`id`, `name`, `guard_name`, `created_at`, `updated_at`) VALUES
(1, 'Admin', 'web', '2023-08-30 07:14:21', '2023-08-30 07:14:21'),
(2, 'User', 'web', '2023-08-30 07:14:21', '2023-08-30 07:14:21');

-- --------------------------------------------------------

--
-- Table structure for table `role_has_permissions`
--

CREATE TABLE `role_has_permissions` (
  `permission_id` bigint(20) UNSIGNED NOT NULL,
  `role_id` bigint(20) UNSIGNED NOT NULL
) ENGINE=InnoDB DEFAULT CHARSET=utf8mb4 COLLATE=utf8mb4_unicode_ci;

--
-- Dumping data for table `role_has_permissions`
--

INSERT INTO `role_has_permissions` (`permission_id`, `role_id`) VALUES
(1, 1),
(2, 1),
(3, 1),
(4, 1),
(5, 1),
(6, 1),
(7, 1),
(8, 1),
(9, 1),
(10, 1),
(11, 1),
(12, 1);

-- --------------------------------------------------------

--
-- Table structure for table `users`
--

CREATE TABLE `users` (
  `id` bigint(20) UNSIGNED NOT NULL,
  `first_name` varchar(255) COLLATE utf8mb4_unicode_ci NOT NULL,
  `last_name` varchar(255) COLLATE utf8mb4_unicode_ci DEFAULT NULL,
  `email` varchar(255) COLLATE utf8mb4_unicode_ci NOT NULL,
  `profile_image` varchar(225) COLLATE utf8mb4_unicode_ci DEFAULT NULL,
  `mobile_number` varchar(255) COLLATE utf8mb4_unicode_ci DEFAULT NULL,
  `email_verified_at` timestamp NULL DEFAULT NULL,
  `password` varchar(255) COLLATE utf8mb4_unicode_ci NOT NULL,
  `role_id` int(11) NOT NULL DEFAULT 2 COMMENT '1=Admin, 2=TA/TP',
  `status` tinyint(4) NOT NULL DEFAULT 1,
  `distric` varchar(225) COLLATE utf8mb4_unicode_ci DEFAULT NULL,
  `remember_token` varchar(100) COLLATE utf8mb4_unicode_ci DEFAULT NULL,
  `created_at` timestamp NULL DEFAULT NULL,
  `updated_at` timestamp NULL DEFAULT NULL,
  `remark_status` int(11) NOT NULL DEFAULT 0
) ENGINE=InnoDB DEFAULT CHARSET=utf8mb4 COLLATE=utf8mb4_unicode_ci;

--
-- Dumping data for table `users`
--

INSERT INTO `users` (`id`, `first_name`, `last_name`, `email`, `profile_image`, `mobile_number`, `email_verified_at`, `password`, `role_id`, `status`, `distric`, `remember_token`, `created_at`, `updated_at`, `remark_status`) VALUES
(1, 'Super', 'Admin', 'admin@admin.com', '1694175442.jpg', '9028187696', NULL, '$2y$10$iz3LU3uX6n7fHR0PR9SSqOhmA..ceqqoVV9fqpKELXX2Nvvj1eqYe', 1, 1, '', NULL, '2023-08-30 07:14:21', '2023-09-08 08:57:07', 0),
(7, 'Test', 'User 6', 'testuser6@techtoolindia.com', NULL, '9999999994', NULL, '$2y$10$occ83rq.Bxo7Y/FP9DTMiev6YUA.ZqDGmlyO2vflWt.CJfdxrDHuy', 2, 1, '', NULL, '2023-08-30 07:25:22', '2023-08-30 07:25:22', 0),
(8, 'Test', 'User 7', 'testuser7@techtoolindia.com', NULL, '9999999995', NULL, '$2y$10$g6jJarR8rDTQ3E0H7E666.lcsFfCWMwX07leMJaU69NX8iklOD0Du', 2, 1, 'sdfds', NULL, '2023-08-30 07:25:22', '2023-09-08 03:01:21', 0),
(21, 'Rohan', 'Singh', 'rahul@gmail.com', NULL, '1234567893', NULL, '$2y$10$.aBCsSzjZAg9Ggb6DaGtkOZtC7XwOrpvV0.zFNtpbd8iCp48Pb5z2', 2, 1, 'RATLAM', NULL, '2023-09-01 03:14:28', '2023-09-05 06:36:12', 1),
(27, 'lokesh1', 'singh', 'lokesh@gmail.com', '1694183212.jpg', '7052302236', NULL, '$2y$10$tUW3zOJZG9ByFHtC6/AToOTDvZjjKYNv4oWeVH/jT6sWZynCP5t8q', 2, 1, 'JNP', NULL, '2023-09-05 22:57:01', '2023-09-08 09:01:23', 1),
(28, 'Chandan', 'Singh', 'chandan8777069789@gmail.com', NULL, '7052303699', NULL, '$2y$10$i9XfO5KX9kDV2LElFHA9ke.tWa/gbcp19U6JvNS8iiMhEW6kAiZ96', 2, 1, 'RATLAM', NULL, '2023-09-08 04:41:50', '2023-09-08 04:41:50', 0);

--
-- Indexes for dumped tables
--

--
-- Indexes for table `dropdown_tbls`
--
ALTER TABLE `dropdown_tbls`
  ADD PRIMARY KEY (`id`);

--
-- Indexes for table `failed_jobs`
--
ALTER TABLE `failed_jobs`
  ADD PRIMARY KEY (`id`),
  ADD UNIQUE KEY `failed_jobs_uuid_unique` (`uuid`);

--
-- Indexes for table `file_datas`
--
ALTER TABLE `file_datas`
  ADD PRIMARY KEY (`id`);

--
-- Indexes for table `migrations`
--
ALTER TABLE `migrations`
  ADD PRIMARY KEY (`id`);

--
-- Indexes for table `model_has_permissions`
--
ALTER TABLE `model_has_permissions`
  ADD PRIMARY KEY (`permission_id`,`model_id`,`model_type`),
  ADD KEY `model_has_permissions_model_id_model_type_index` (`model_id`,`model_type`);

--
-- Indexes for table `model_has_roles`
--
ALTER TABLE `model_has_roles`
  ADD PRIMARY KEY (`role_id`,`model_id`,`model_type`),
  ADD KEY `model_has_roles_model_id_model_type_index` (`model_id`,`model_type`);

--
-- Indexes for table `password_resets`
--
ALTER TABLE `password_resets`
  ADD KEY `password_resets_email_index` (`email`);

--
-- Indexes for table `permissions`
--
ALTER TABLE `permissions`
  ADD PRIMARY KEY (`id`),
  ADD UNIQUE KEY `permissions_name_guard_name_unique` (`name`,`guard_name`);

--
-- Indexes for table `personal_access_tokens`
--
ALTER TABLE `personal_access_tokens`
  ADD PRIMARY KEY (`id`),
  ADD UNIQUE KEY `personal_access_tokens_token_unique` (`token`),
  ADD KEY `personal_access_tokens_tokenable_type_tokenable_id_index` (`tokenable_type`,`tokenable_id`);

--
-- Indexes for table `roles`
--
ALTER TABLE `roles`
  ADD PRIMARY KEY (`id`),
  ADD UNIQUE KEY `roles_name_guard_name_unique` (`name`,`guard_name`);

--
-- Indexes for table `role_has_permissions`
--
ALTER TABLE `role_has_permissions`
  ADD PRIMARY KEY (`permission_id`,`role_id`),
  ADD KEY `role_has_permissions_role_id_foreign` (`role_id`);

--
-- Indexes for table `users`
--
ALTER TABLE `users`
  ADD PRIMARY KEY (`id`),
  ADD UNIQUE KEY `users_email_unique` (`email`);

--
-- AUTO_INCREMENT for dumped tables
--

--
-- AUTO_INCREMENT for table `dropdown_tbls`
--
ALTER TABLE `dropdown_tbls`
  MODIFY `id` bigint(20) UNSIGNED NOT NULL AUTO_INCREMENT, AUTO_INCREMENT=5;

--
-- AUTO_INCREMENT for table `failed_jobs`
--
ALTER TABLE `failed_jobs`
  MODIFY `id` bigint(20) UNSIGNED NOT NULL AUTO_INCREMENT;

--
-- AUTO_INCREMENT for table `file_datas`
--
ALTER TABLE `file_datas`
  MODIFY `id` bigint(20) UNSIGNED NOT NULL AUTO_INCREMENT, AUTO_INCREMENT=444;

--
-- AUTO_INCREMENT for table `migrations`
--
ALTER TABLE `migrations`
  MODIFY `id` int(10) UNSIGNED NOT NULL AUTO_INCREMENT, AUTO_INCREMENT=12;

--
-- AUTO_INCREMENT for table `permissions`
--
ALTER TABLE `permissions`
  MODIFY `id` bigint(20) UNSIGNED NOT NULL AUTO_INCREMENT, AUTO_INCREMENT=13;

--
-- AUTO_INCREMENT for table `personal_access_tokens`
--
ALTER TABLE `personal_access_tokens`
  MODIFY `id` bigint(20) UNSIGNED NOT NULL AUTO_INCREMENT;

--
-- AUTO_INCREMENT for table `roles`
--
ALTER TABLE `roles`
  MODIFY `id` bigint(20) UNSIGNED NOT NULL AUTO_INCREMENT, AUTO_INCREMENT=3;

--
-- AUTO_INCREMENT for table `users`
--
ALTER TABLE `users`
  MODIFY `id` bigint(20) UNSIGNED NOT NULL AUTO_INCREMENT, AUTO_INCREMENT=29;

--
-- Constraints for dumped tables
--

--
-- Constraints for table `model_has_permissions`
--
ALTER TABLE `model_has_permissions`
  ADD CONSTRAINT `model_has_permissions_permission_id_foreign` FOREIGN KEY (`permission_id`) REFERENCES `permissions` (`id`) ON DELETE CASCADE;

--
-- Constraints for table `model_has_roles`
--
ALTER TABLE `model_has_roles`
  ADD CONSTRAINT `model_has_roles_role_id_foreign` FOREIGN KEY (`role_id`) REFERENCES `roles` (`id`) ON DELETE CASCADE;

--
-- Constraints for table `role_has_permissions`
--
ALTER TABLE `role_has_permissions`
  ADD CONSTRAINT `role_has_permissions_permission_id_foreign` FOREIGN KEY (`permission_id`) REFERENCES `permissions` (`id`) ON DELETE CASCADE,
  ADD CONSTRAINT `role_has_permissions_role_id_foreign` FOREIGN KEY (`role_id`) REFERENCES `roles` (`id`) ON DELETE CASCADE;
COMMIT;

/*!40101 SET CHARACTER_SET_CLIENT=@OLD_CHARACTER_SET_CLIENT */;
/*!40101 SET CHARACTER_SET_RESULTS=@OLD_CHARACTER_SET_RESULTS */;
/*!40101 SET COLLATION_CONNECTION=@OLD_COLLATION_CONNECTION */;
